Position,AAMutation,,,,,Enrichment Sel1,Enrichment Sel 2,,Average
26,E,,95,9,2,-1.300660613,-2.077982172,,-1.689321392
26,D,,141,6,1,-1.648247379,-2.550507675,,-2.099377527
26,K,,43,4,0,-1.308587981,#NUM!,,#NUM!
26,R,,229,32,4,-1.131865021,-2.159064053,,-1.645464537
26,H,,234,7,1,-1.801297334,-2.770504419,,-2.285900877
26,P,,17,29,29,-0.04523044,-0.169339485,,-0.107284963
26,Q,,213,16,2,-1.401439137,-2.42863817,,-1.915038654
26,N,,130,9,1,-1.43688036,-2.515231914,,-1.976056137
26,T,,258,8,4,-1.785709236,-2.210848277,,-1.998278756
26,S,,284,22,5,-1.388075176,-2.155636898,,-1.771856037
26,A,,154,9,2,-1.510457728,-2.287779287,,-1.899118508
26,G,,92,3,3,-1.763846089,-1.887955135,,-1.825900612
26,M,,167,6,6,-1.721744737,-1.845853783,,-1.78379926
26,C,,159,9,4,-1.524334132,-2.000625695,,-1.762479913
26,V,,125,13,2,-1.260146177,-2.197168579,,-1.728657378
26,I,,98,38,1,-0.688621996,-2.392514638,,-1.540568317
26,L,,261,68,32,-0.861311111,-1.312779091,,-1.087045101
26,Y,,66,5,1,-1.397753448,-2.220832497,,-1.809292973
26,F,,75,5,2,-1.453270776,-1.97531983,,-1.714295303
26,W,,124,11,5,-1.329208517,-1.795740243,,-1.56247438
26,*,,111,6,3,-1.544351245,-1.969490286,,-1.756920766
27,E,,11,24,36,0.06163904,0.113621254,,0.087630147
27,D,,422,335,30,-0.377447161,-1.549479758,,-0.963463459
27,K,,153,14,87,-1.315742912,-0.64646074,,-0.981101826
27,R,,166,7,237,-1.652189565,-0.246648304,,-0.949418934
27,H,,526,47,51,-1.326067403,-1.41470413,,-1.370385766
27,P,,302,49,60,-1.06699038,-1.103144255,,-1.085067317
27,Q,,244,33,66,-1.146055403,-0.969134453,,-1.057594928
27,N,,207,26,35,-1.178176514,-1.173190863,,-1.175683689
27,T,,205,29,5,-1.12653538,-2.014072419,,-1.570303899
27,S,,232,6,128,-1.864516251,-0.659566577,,-1.262041414
27,A,,155,401,3243,0.135633158,0.919326689,,0.527479923
27,G,,225,24,12,-1.249150793,-1.674289834,,-1.461720314
27,M,,101,15,5,-1.105409631,-1.706639931,,-1.406024781
27,C,,483,43,12,-1.327658192,-2.006054447,,-1.666856319
27,V,,217,11,49,-1.572246565,-1.047552216,,-1.309899391
27,I,,411,20,8,-1.589991343,-2.112040397,,-1.85101587
27,L,,256,21,6,-1.363200187,-2.031377277,,-1.697288732
27,Y,,244,18,48,-1.409296838,-1.107437151,,-1.258366994
27,F,,236,9,7,-1.69584901,-1.929102525,,-1.812475768
27,W,,362,24,13,-1.455676846,-1.84605378,,-1.650865313
27,*,,368,70,40,-0.997929295,-1.365076389,,-1.181502842
28,E,,297,13,13,-1.635992614,-1.760101659,,-1.698047136
28,D,,272,26,19,-1.296775073,-1.557103865,,-1.426939469
28,K,,160,48,875,-0.800058262,0.336599508,,-0.231729377
28,R,,421,3034,2225,0.580553964,0.321759358,,0.451156661
28,H,,20,30,46,-0.101088258,-0.039560726,,-0.070324492
28,P,,101,11,2,-1.240108205,-2.10457994,,-1.672344073
28,Q,,146,20,335,-1.140502377,-0.040596611,,-0.590549494
28,N,,146,41,416,-0.828748516,0.053451913,,-0.387648301
28,T,,112,3,5,-1.849276285,-1.75153658,,-1.800406432
28,S,,133,15,33,-1.224939899,-1.006626263,,-1.115783081
28,A,,164,100,553,-0.492023365,0.126592721,,-0.182715322
28,G,,248,66,9,-0.852087262,-1.841497733,,-1.346792498
28,M,,236,19,2,-1.371337919,-2.473170569,,-1.922254244
28,C,,276,22,4,-1.375665918,-2.240137653,,-1.807901785
28,V,,190,7,3,-1.710835078,-2.202920908,,-1.956877993
28,I,,155,19,2,-1.188757614,-2.290590264,,-1.739673939
28,L,,181,22,6,-1.192435411,-1.880815886,,-1.536625649
28,Y,,159,61,5,-0.693246806,-1.903715682,,-1.298481244
28,F,,101,16,6,-1.077380908,-1.627458685,,-1.352419797
28,W,,280,22,20,-1.381914867,-1.547416598,,-1.464665732
28,*,,160,9,8,-1.52705699,-1.702318558,,-1.614687774
29,E,,166,23,19,-1.135559769,-1.342643049,,-1.239101409
29,D,,56459,106884,142240,0,0,,0
29,K,,80,2,0,-1.879239508,#NUM!,,#NUM!
29,R,,68,6,10,-1.331537179,-1.233797475,,-1.282667327
29,H,,61,24,84,-0.68229811,-0.262339111,,-0.47231861
29,P,,88,5,3,-1.522692185,-1.868649979,,-1.695671082
29,Q,,49,22,244,-0.624952916,0.295905184,,-0.164523866
29,N,,76,59,94,-0.387141097,-0.308974301,,-0.348057699
29,T,,84,395,8651,0.395138293,1.611498464,,1.003318378
29,S,,62,17,122,-0.839122285,-0.107320421,,-0.473221353
29,A,,207,63,2,-0.793809313,-2.416228912,,-1.605019112
29,G,,135,24,20,-1.027302043,-1.230592335,,-1.128947189
29,M,,149,24,62,-1.070154543,-0.782083141,,-0.926118842
29,C,,74,30,375,-0.669289982,0.303510986,,-0.182889498
29,V,,238,50,115,-0.954786469,-0.717167679,,-0.835977074
29,I,,61,66,580,-0.242965416,0.576809597,,0.16692209
29,L,,90,227,21,0.124603831,-1.033311777,,-0.454353973
29,Y,,83,24,21,-0.816046367,-0.99814736,,-0.907096863
29,F,,61,3,6,-1.585388097,-1.408467147,,-1.496927622
29,W,,103,2,2,-1.988986746,-2.113095791,,-2.051041268
29,*,,137,5,0,-1.71493008,#NUM!,,#NUM!
30,E,,191,55,18,-0.817850194,-1.427049424,,-1.122449809
30,D,,342,16,4,-1.60708564,-2.333254677,,-1.970170158
30,K,,56459,106884,142240,0,0,,0
30,R,,294,13,6,-1.631583495,-2.091484642,,-1.861534068
30,H,,131,9,1,-1.440208303,-2.518559858,,-1.97938408
30,P,,238,13,3,-1.539813121,-2.300744264,,-1.920278693
30,Q,,206,8,5,-1.68795675,-2.016185778,,-1.852071264
30,N,,282,20,8,-1.426398629,-1.948447683,,-1.687423156
30,T,,297,12,21,-1.67075472,-1.551825717,,-1.611290218
30,S,,264,17,7,-1.468334522,-1.977794449,,-1.723064485
30,A,,203,12,6,-1.505494309,-1.930633349,,-1.718063829
30,G,,294,24,4,-1.365315605,-2.267575901,,-1.816445753
30,M,,251,25,12,-1.27891323,-1.721781037,,-1.500347133
30,C,,287,15,6,-1.558970154,-2.081019208,,-1.819994681
30,V,,309,9,10,-1.812895487,-1.891247041,,-1.852071264
30,I,,221,16,0,-1.417451808,#NUM!,,#NUM!
30,L,,270,6,2,-1.93039203,-2.53162233,,-2.23100718
30,Y,,184,14,3,-1.395869304,-2.18898513,,-1.792427217
30,F,,198,17,5,-1.343395786,-1.998983748,,-1.671189767
30,W,,321,13,20,-1.669741197,-1.606763599,,-1.638252398
30,*,,248,11,5,-1.630238512,-2.096770238,,-1.863504375
31,E,,142,7,1,-1.584369821,-2.553576906,,-2.068973364
31,D,,202,9,6,-1.628288377,-1.928488681,,-1.778388529
31,K,,10,11,14,-0.235786832,-0.255160526,,-0.245473679
31,R,,377,301,339,-0.374954371,-0.447430214,,-0.411192293
31,H,,326,18,6,-1.535124612,-2.136354912,,-1.835739762
31,P,,390,17,3,-1.637795202,-2.515231914,,-2.076513558
31,Q,,234,8,10,-1.743305387,-1.770504419,,-1.756904903
31,N,,299,28,20,-1.305692674,-1.575929755,,-1.440811214
31,T,,318,19,5,-1.500853036,-2.204745678,,-1.852799357
31,S,,346,10,24,-1.816255615,-1.560153419,,-1.688204517
31,A,,414,32,9,-1.389029879,-2.064046394,,-1.726538137
31,G,,335,24,10,-1.422013082,-1.926333369,,-1.674173226
31,M,,246,28,15,-1.220956592,-1.61613241,,-1.418544501
31,C,,332,7,1,-1.95321956,-2.922426646,,-2.437823103
31,V,,216,17,3,-1.381184346,-2.258621058,,-1.819902702
31,I,,153,7,3,-1.616772907,-2.108858738,,-1.862815823
31,L,,355,21,10,-1.505188575,-1.951516915,,-1.728352745
31,Y,,207,19,6,-1.314396261,-1.939107657,,-1.626751959
31,F,,210,8,4,-1.696308824,-2.121447865,,-1.908878345
31,W,,341,38,14,-1.230150299,-1.787914905,,-1.509032602
31,*,,235,17,7,-1.417798458,-1.927258384,,-1.672528421
32,E,,419,20,13,-1.598363544,-1.909559233,,-1.753961388
32,D,,303,10,21,-1.758622145,-1.560511896,,-1.65956702
32,K,,207,22,21,-1.250727181,-1.395039613,,-1.322883397
32,R,,406,22,7,-1.543282869,-2.164716556,,-1.853999712
32,H,,309,30,7,-1.290016741,-2.046149001,,-1.668082871
32,P,,263,13,3,-1.583191913,-2.344123056,,-1.963657484
32,Q,,280,25,6,-1.326397539,-2.070295343,,-1.698346441
32,N,,290,73,221,-0.876254654,-0.519294286,,-0.69777447
32,T,,202,22,37,-1.240108205,-1.138438207,,-1.189273206
32,S,,244,22,19,-1.322146662,-1.509924787,,-1.416035725
32,A,,507,29,23,-1.519789478,-1.744568685,,-1.632179082
32,G,,304,12,7,-1.680871854,-2.039064106,,-1.85996798
32,M,,525,25502,66,1.409235421,-1.30190393,,0.053665746
32,C,,307,27,12,-1.332954128,-1.809245691,,-1.57109991
32,V,,293,32,47,-1.238897159,-1.196058324,,-1.217477742
32,I,,56459,106884,142240,0,0,,0
32,L,,450,99,977,-0.934756836,-0.064606512,,-0.499681674
32,Y,,264,3289,22302,0.81828043,1.525451323,,1.171865876
32,F,,259,12975,42425,1.422628086,1.813033525,,1.617830805
32,W,,698,134,620,-0.993930141,-0.452752295,,-0.723341218
32,*,,425,43,9,-1.272099991,-2.075434983,,-1.673767487
33,E,,185,5,4,-1.845381241,-2.066400299,,-1.95589077
33,D,,220,19,5,-1.340848597,-2.044741238,,-1.692794918
33,K,,87,2,1,-1.915668774,-2.340807815,,-2.128238294
33,R,,243,10,2,-1.66278579,-2.48586484,,-2.074325315
33,H,,105,4,5,-1.696308824,-1.723507857,,-1.709908341
33,P,,157,12,3,-1.393897923,-2.12006696,,-1.756982441
33,Q,,90,6,0,-1.453270776,#NUM!,,#NUM!
33,N,,64,1,0,-2.083359491,#NUM!,,#NUM!
33,T,,159,6,4,-1.700425391,-2.000625695,,-1.850525543
33,S,,130,6,41,-1.612971619,-0.902448058,,-1.257709838
33,A,,223,5,4,-1.926514375,-2.147533434,,-2.037023905
33,G,,206,9,14,-1.636804228,-1.569027747,,-1.602915987
33,M,,261,10,7,-1.693820024,-1.972831029,,-1.833325527
33,C,,168,16,1,-1.298368816,-2.626597844,,-1.96248333
33,V,,188,12,3,-1.47215612,-2.198325157,,-1.835240638
33,I,,66,3,5,-1.619602198,-1.521862493,,-1.570732345
33,L,,173,99,83,-0.519590425,-0.720256573,,-0.619923499
33,Y,,95,3,1,-1.777781867,-2.379012167,,-2.078397017
33,F,,19,21,32,-0.233713823,-0.174892185,,-0.204303004
33,W,,177,7,2,-1.680054743,-2.348231833,,-2.014143288
33,*,,194,16,11,-1.360861264,-1.647697607,,-1.504279435
34,E,,383,47,44,-1.188280433,-1.341034659,,-1.264657546
34,D,,560,28,8,-1.578209512,-2.246386602,,-1.912298057
34,K,,56459,106884,142240,0,0,,0
34,R,,401,21,111,-1.558104595,-0.959109956,,-1.258607275
34,H,,287,44,5,-1.091608737,-2.160200454,,-1.625904596
34,P,,201,10,7,-1.580375574,-1.859386579,,-1.719881077
34,Q,,101,60,6,-0.50334964,-1.627458685,,-1.065404163
34,N,,247,11,13,-1.628483785,-1.680042163,,-1.654262974
34,T,,313,25,4,-1.374783846,-2.294772908,,-1.834778377
34,S,,234,9,3,-1.692152865,-2.293383165,,-1.992768015
34,A,,330,15,6,-1.619602198,-2.141651251,,-1.880626724
34,G,,678,34,23,-1.576930294,-1.87079042,,-1.723860357
34,M,,294,37,11,-1.177325123,-1.828243207,,-1.502784165
34,C,,341,9,10,-1.855691386,-1.934042941,,-1.894867164
34,V,,376,21,9,-1.530148067,-2.022233897,,-1.776190982
34,I,,374,16,29,-1.645931136,-1.511762166,,-1.578846651
34,L,,405,20,14,-1.583604544,-1.862615549,,-1.723110047
34,Y,,203,35,16,-1.04060751,-1.504664617,,-1.272636064
34,F,,303,8,9,-1.855532158,-1.928488681,,-1.89201042
34,W,,373,27,6,-1.417524584,-2.194846143,,-1.806185364
34,*,,215,5,4,-1.910647972,-2.131667031,,-2.021157501
35,E,,146,8,4,-1.538442385,-1.963581426,,-1.751011906
35,D,,327,19,13,-1.512973668,-1.801892962,,-1.657433315
35,K,,90,14,15,-1.08529399,-1.179439812,,-1.132366901
35,R,,351,28,23,-1.375328602,-1.584867842,,-1.480098222
35,H,,298,400,7,-0.149335789,-2.030406786,,-1.089871288
35,P,,217,12,4,-1.534458004,-2.135688304,,-1.835073154
35,Q,,200,19,134,-1.299455911,-0.575213759,,-0.937334835
35,N,,120,23,23,-0.994632927,-1.118741972,,-1.056687449
35,T,,153,26,8,-1.0468976,-1.682890006,,-1.364893803
35,S,,222,14,101,-1.477404455,-0.743320163,,-1.110362309
35,A,,12,16,25,-0.15224078,-0.082529799,,-0.11738529
35,G,,289,33,8,-1.21956342,-1.959096418,,-1.589329919
35,M,,188,6,5,-1.773186116,-1.976476407,,-1.874831261
35,C,,235,14,15,-1.502119343,-1.596265165,,-1.549192254
35,V,,192,12,3,-1.481299499,-2.207468536,,-1.844384018
35,I,,76,9,2,-1.2037506,-1.981072159,,-1.592411379
35,L,,293,15,7,-1.567955878,-2.023058142,,-1.79550701
35,Y,,163,14,9,-1.343239085,-1.659233657,,-1.501236371
35,F,,165,5,2,-1.795693457,-2.317742511,,-2.056717984
35,W,,264,16,10,-1.494663461,-1.822892489,,-1.658777975
35,*,,207,7,4,-1.748051822,-2.115198916,,-1.931625369
36,E,,158,8,6,-1.572746617,-1.821794399,,-1.697270508
36,D,,183,15,2,-1.363539347,-2.362709656,,-1.863124502
36,K,,255,7,9,-1.838621657,-1.853586233,,-1.846103945
36,R,,232,24,4,-1.26245626,-2.164716556,,-1.713586408
36,H,,235,35,69,-1.104179335,-0.933507333,,-1.018843334
36,P,,121,6,4,-1.581813637,-1.882013941,,-1.731913789
36,Q,,258,11,1,-1.647406537,-2.812908268,,-2.230157403
36,N,,178,11,3,-1.486206834,-2.17458731,,-1.830397072
36,T,,127,10,2,-1.380983238,-2.204062287,,-1.792522762
36,S,,110,10,6,-1.318572202,-1.664529997,,-1.491551099
36,A,,115,4,4,-1.735817366,-1.859926411,,-1.797871888
36,G,,122,3,2,-1.886418093,-2.186618397,,-2.036518245
36,M,,345,253,1731,-0.411878091,0.299189411,,-0.05634434
36,C,,268,21,2,-1.383095016,-2.52839336,,-1.955744188
36,V,,140,4,2,-1.821247561,-2.246386602,,-2.033817082
36,I,,7,24,19,0.257933685,0.032366999,,0.145150342
36,L,,168,6,14,-1.724337548,-1.480469808,,-1.602403678
36,Y,,180,13,25,-1.418508669,-1.258621058,,-1.338564864
36,F,,102,64,451,-0.479599714,0.244287808,,-0.117655953
36,W,,284,50,30,-1.031527852,-1.377485647,,-1.20450675
36,*,,274,23,21,-1.353202243,-1.51681983,,-1.435011037
37,E,,176,13,9,-1.408748832,-1.69255872,,-1.550653776
37,D,,247,7,3,-1.82477843,-2.31686426,,-2.070821345
37,K,,98,9,5,-1.314163083,-1.693544633,,-1.503853858
37,R,,264,8,7,-1.795693457,-1.977794449,,-1.886743953
37,H,,238,14,7,-1.507628438,-1.932767479,,-1.720197959
37,P,,270,13,5,-1.594599929,-2.133682322,,-1.864141125
37,Q,,188,16,1,-1.347217383,-2.675446411,,-2.011331897
37,N,,167,3,2,-2.022774733,-2.322975037,,-2.172874885
37,T,,310,12,2,-1.689359964,-2.59162026,,-2.140490112
37,S,,339,6,8,-2.029227965,-2.028398273,,-2.028813119
37,A,,243,56,69,-0.914597763,-0.948045745,,-0.931321754
37,G,,222,11,1,-1.582139806,-2.747641536,,-2.164890671
37,M,,236,12,21,-1.570910274,-1.45198127,,-1.511445772
37,C,,268,10,10,-1.705314311,-1.829423356,,-1.767368833
37,V,,14,16,2,-0.21918757,-1.246386602,,-0.732787086
37,I,,208,134,434,-0.468138053,-0.081862167,,-0.27500011
37,L,,222,21,24,-1.301313196,-1.367430295,,-1.334371746
37,Y,,123,5,4,-1.668114624,-1.889133682,,-1.778624153
37,F,,183,14,9,-1.393502571,-1.709497142,,-1.551499856
37,W,,250,14,1,-1.52899149,-2.799228571,,-2.16411003
37,*,,156,14,1,-1.324176079,-2.59441316,,-1.95929462
38,E,,349,30,21,-1.342883689,-1.621894694,,-1.482389192
38,D,,331,16,18,-1.592887528,-1.665844051,,-1.629365789
38,K,,56459,106884,142240,0,0,,0
38,R,,809,229,2006,-0.825292556,-0.006906155,,-0.416099355
38,H,,459,17,13,-1.708543281,-1.949157895,,-1.828850588
38,P,,732,45,12,-1.488478084,-2.186618397,,-1.83754824
38,Q,,471,147,13,-0.782883089,-1.960366117,,-1.371624603
38,N,,259,51,50,-0.982909105,-1.115618322,,-1.049263713
38,T,,369,21,2,-1.521986588,-2.667284932,,-2.09463576
38,S,,328,36,13,-1.23675086,-1.803219053,,-1.519984957
38,A,,643,59,9,-1.314538478,-2.255257025,,-1.784897752
38,G,,504,28,8,-1.532452022,-2.200629111,,-1.866540567
38,M,,577,38,9,-1.458571733,-2.208221866,,-1.833396799
38,C,,527,31,19,-1.507628438,-1.844345576,,-1.675987007
38,V,,417,31,11,-1.405953878,-1.980031932,,-1.692992905
38,I,,300,35,11,-1.210232727,-1.837017132,,-1.523624929
38,L,,1031,99,23,-1.294802987,-2.052819391,,-1.673811189
38,Y,,123,4,1,-1.765024637,-2.491193673,,-2.128109155
38,F,,213,4,6,-2.003499129,-1.951516915,,-1.977508022
38,W,,741,45,23,-1.493785211,-1.909378934,,-1.701582072
38,*,,455,31,17,-1.44382922,-1.828851037,,-1.636340128
39,E,,393,35,9,-1.327504023,-2.041438603,,-1.684471313
39,D,,521,61,16,-1.208687405,-1.914006303,,-1.561346854
39,K,,201,1330,3640,0.543476067,0.856616764,,0.700046416
39,R,,392,294,25492,-0.402118253,1.411829281,,0.504855514
39,H,,296,17,14,-1.518022306,-1.726452237,,-1.622237272
39,P,,366,7,7,-1.995562562,-2.119671607,,-2.057617085
39,Q,,414,23,10,-1.532452022,-2.018288903,,-1.775370462
39,N,,197,77,134,-0.685155018,-0.56864999,,-0.626902504
39,T,,246,17,12,-1.437665702,-1.713042423,,-1.575354063
39,S,,56459,106884,142240,0,0,,0
39,A,,495,67,16,-1.145709913,-1.891773778,,-1.518741846
39,G,,348,29,4,-1.356360763,-2.340807815,,-1.848584289
39,M,,478,47,8,-1.284509555,-2.177626472,,-1.731068013
39,C,,503,35,117,-1.434679457,-1.034670685,,-1.234675071
39,V,,344,15,7,-1.6376467,-2.092748965,,-1.865197832
39,I,,210,108,9,-0.565975056,-1.769265347,,-1.167620202
39,L,,316,35,9,-1.232798555,-1.946733135,,-1.589765845
39,Y,,288,27,24,-1.30520824,-1.480469808,,-1.392839024
39,F,,206,24,20,-1.210835495,-1.414125787,,-1.312480641
39,W,,300,20,6,-1.453270776,-2.100258566,,-1.776764671
39,*,,519,50,13,-1.29337687,-2.002512567,,-1.647944719
40,E,,173,18,18,-1.259953115,-1.38406216,,-1.322007637
40,D,,156,27,1,-1.038940351,-2.59441316,,-1.816676756
40,K,,261,30,20,-1.216698769,-1.516899074,,-1.366798921
40,R,,228,17,2,-1.404665442,-2.458193413,,-1.931429428
40,H,,240,29,8,-1.194992761,-1.878409817,,-1.536701289
40,P,,249,9,7,-1.719136354,-1.952389869,,-1.835763112
40,Q,,256,14,6,-1.539291446,-2.031377277,,-1.785334362
40,N,,168,23,2,-1.140760962,-2.325567848,,-1.733164405
40,T,,192,12,28,-1.481299499,-1.237431759,,-1.359365629
40,S,,254,5,4,-1.983043229,-2.204062287,,-2.093552758
40,A,,367,35,22,-1.297777537,-1.623531945,,-1.460654741
40,G,,21,24,15,-0.21918757,-0.547416598,,-0.383302084
40,M,,192,6,3,-1.782329495,-2.207468536,,-1.994899015
40,C,,230,23,3,-1.277179517,-2.285895143,,-1.78153733
40,V,,175,5,3,-1.821247561,-2.167205356,,-1.994226458
40,I,,142,3,4,-1.952346606,-1.951516915,,-1.951931761
40,L,,213,14,8,-1.459431084,-1.826578178,,-1.643004631
40,Y,,175,9,4,-1.565975056,-2.042266619,,-1.804120838
40,F,,161,11,5,-1.442612708,-1.909144434,,-1.675878571
40,W,,179,13,1,-1.416089195,-2.654141593,,-2.035115394
40,*,,239,10,7,-1.655577418,-1.934588423,,-1.79508292
41,E,,155,15,5,-1.291419956,-1.892650256,,-1.592035106
41,D,,164,5,4,-1.79305336,-2.014072419,,-1.90356289
41,K,,152,8,0,-1.555933118,#NUM!,,#NUM!
41,R,,56459,106884,142240,0,0,,0
41,H,,136,32,27,-0.905568447,-1.103463706,,-1.004516076
41,P,,341,15,5,-1.633842637,-2.235072937,,-1.934457787
41,Q,,185,9,8,-1.590108736,-1.765370303,,-1.67773952
41,N,,102,7,3,-1.440681648,-1.932767479,,-1.686724564
41,T,,392,12,18,-1.791284338,-1.739302124,,-1.765293231
41,S,,190,19,10,-1.277179517,-1.680042163,,-1.47861084
41,A,,345,12,11,-1.735817366,-1.897714972,,-1.816766169
41,G,,247,28,20,-1.222718439,-1.49295552,,-1.357836979
41,M,,229,11,15,-1.595622314,-1.585032785,,-1.59032755
41,C,,317,40,39,-1.176178788,-1.311283217,,-1.243731002
41,V,,285,21,13,-1.409805082,-1.74219007,,-1.575997576
41,I,,137,6,6,-1.635748833,-1.759857879,,-1.697803356
41,L,,306,30,15,-1.285779688,-1.710918729,,-1.498349209
41,Y,,135,8,1,-1.504423298,-2.53162233,,-2.018022814
41,F,,168,31,3,-1.011127105,-2.149476589,,-1.580301847
41,W,,215,6,23,-1.831466726,-1.371999186,,-1.601732956
41,*,,225,13,3,-1.515418682,-2.276349825,,-1.895884254
42,E,,286,29,22,-1.271147552,-1.515231914,,-1.393189733
42,D,,197,8,5,-1.668555756,-1.996784784,,-1.83267027
42,K,,207,19,3,-1.314396261,-2.240137653,,-1.777266957
42,R,,227,11,6,-1.591812689,-1.979163169,,-1.785487929
42,H,,214,23,5,-1.245865454,-2.032732331,,-1.639298892
42,P,,163,6,5,-1.711215871,-1.914506162,,-1.812861016
42,Q,,275,18,6,-1.461239705,-2.062470005,,-1.761854855
42,N,,184,15,9,-1.365906081,-1.711863876,,-1.538884978
42,T,,191,30,16,-1.081091629,-1.478201947,,-1.279646788
42,S,,151,5,6,-1.75718646,-1.802114259,,-1.779650359
42,A,,376,16,7,-1.648247379,-2.131378367,,-1.889812873
42,G,,181,18,18,-1.279585586,-1.403694632,,-1.341640109
42,M,,290,17,3,-1.509128593,-2.386565305,,-1.947846949
42,C,,384,41,156,-1.248726884,-0.792495188,,-1.020611036
42,V,,195,74,28,-0.697982408,-1.244165142,,-0.971073775
42,I,,56459,106884,142240,0,0,,0
42,L,,185,18,5,-1.28907874,-1.969490286,,-1.629284513
42,Y,,232,6,3,-1.864516251,-2.289655292,,-2.077085772
42,F,,152,35,50,-0.91495506,-0.884162146,,-0.899558603
42,W,,301,22,16,-1.413323331,-1.675735075,,-1.544529203
42,*,,352,20,7,-1.522692185,-2.102733185,,-1.812712685
43,E,,112,6,1,-1.548246289,-2.450506585,,-1.999376437
43,D,,161,17,7,-1.253556471,-1.763016398,,-1.508286435
43,K,,90,5,3,-1.532452022,-1.878409817,,-1.705430919
43,R,,171,17,7,-1.279726706,-1.789186632,,-1.534456669
43,H,,256,19,2,-1.406665881,-2.508498532,,-1.957582206
43,P,,11,33,25,0.199941738,-0.044741238,,0.07760025
43,Q,,123,13,3,-1.253141276,-2.014072419,,-1.633606847
43,N,,73,7,3,-1.295404337,-1.787490167,,-1.541447252
43,T,,182,22,2,-1.194828224,-2.360329954,,-1.777579089
43,S,,115,3,1,-1.860756102,-2.461986402,,-2.161371252
43,A,,99,4,2,-1.67075472,-2.095893761,,-1.88332424
43,G,,254,21,18,-1.359793939,-1.550849773,,-1.455321856
43,M,,169,14,4,-1.358938186,-2.027115275,,-1.69302673
43,C,,189,18,3,-1.298368816,-2.200629111,,-1.749498964
43,V,,183,4,1,-1.937570615,-2.663739652,,-2.300655133
43,I,,58,4,3,-1.438547519,-1.687595301,,-1.56307141
43,L,,213,49,43,-0.91536304,-1.09619971,,-1.005781375
43,Y,,96,6,0,-1.481299499,#NUM!,,#NUM!
43,F,,111,7,2,-1.477404455,-2.145581545,,-1.811493
43,W,,247,18,3,-1.414603965,-2.31686426,,-1.865734113
43,*,,168,3,9,-2.025367544,-1.672355334,,-1.848861439
44,E,,131,9,1,-1.440208303,-2.518559858,,-1.97938408
44,D,,259,49,94,-1.000283201,-0.841460472,,-0.920871837
44,K,,166,12,8,-1.418106359,-1.718306663,,-1.568206511
44,R,,240,27,6,-1.226026994,-2.003348553,,-1.614687774
44,H,,264,17,6,-1.468334522,-2.044741238,,-1.75653788
44,P,,420,37,9,-1.332227083,-2.070295343,,-1.701261213
44,Q,,225,47,5,-0.957264177,-2.054501076,,-1.505882626
44,N,,56459,106884,142240,0,0,,0
44,T,,254,17,30,-1.451564312,-1.329001024,,-1.390282668
44,S,,365,29,11,-1.377074383,-1.922188741,,-1.649631562
44,A,,273,14,14,-1.567214128,-1.691323173,,-1.629268651
44,G,,274,11,4,-1.673537394,-2.236979133,,-1.955258264
44,M,,248,31,12,-1.180269504,-1.716558997,,-1.44841425
44,C,,165,9,3,-1.540420951,-2.141651251,,-1.841036101
44,V,,161,10,2,-1.484005393,-2.307084442,,-1.895544918
44,I,,233,31,9,-1.153173744,-1.814401974,,-1.483787859
44,L,,303,20,8,-1.45759215,-1.979641203,,-1.718616677
44,Y,,248,17,27,-1.441182276,-1.364376479,,-1.402779377
44,F,,239,9,5,-1.701334908,-2.080716459,,-1.891025683
44,W,,344,73,5,-0.950415099,-2.238877,,-1.59464605
44,*,,381,29,3,-1.395706494,-2.505092283,,-1.950399389
45,E,,282,14,4,-1.581300589,-2.249477679,,-1.915389134
45,D,,260,20,10,-1.391122869,-1.81626191,,-1.603692389
45,K,,167,5,4,-1.800925984,-2.021945042,,-1.911435513
45,R,,351,27,7,-1.391122869,-2.101497638,,-1.746310254
45,H,,288,19,10,-1.457818404,-1.86068105,,-1.659249727
45,P,,436,27,19,-1.485302242,-1.76202145,,-1.623661846
45,Q,,496,36,13,-1.416358692,-1.982826886,,-1.699592789
45,N,,187,16,15,-1.344901141,-1.497038909,,-1.420970025
45,T,,238,53,30,-0.929480604,-1.300744264,,-1.115112434
45,S,,262,23,6,-1.333752972,-2.041438603,,-1.687595787
45,A,,371,34,9,-1.315074509,-2.016419962,,-1.665747236
45,G,,286,14,1,-1.587417514,-2.857654595,,-2.222536055
45,M,,302,56493,41403,1.994808178,1.735736306,,1.865272242
45,C,,328,52,11,-1.077050017,-1.875769721,,-1.476409869
45,V,,245,46,10,-1.003587769,-1.790454646,,-1.397021208
45,I,,56459,106884,142240,0,0,,0
45,L,,394,2532,14041,0.530787963,1.150613256,,0.840700609
45,Y,,203,12,1,-1.505494309,-2.7087846,,-2.107139454
45,F,,239,37,40,-1.087375694,-1.177626472,,-1.132501083
45,W,,292,26,2,-1.32758902,-2.565641418,,-1.946615219
45,*,,248,36,12,-1.115328697,-1.716558997,,-1.415943847
46,E,,321,20,6,-1.482654553,-2.129642344,,-1.806148449
46,D,,174,17,3,-1.287279844,-2.164716556,,-1.7259982
46,K,,151,8,3,-1.553066477,-2.103144255,,-1.828105366
46,R,,177,13,2,-1.411209431,-2.348231833,,-1.879720632
46,H,,195,12,8,-1.488032882,-1.788233186,,-1.638133034
46,P,,225,10,3,-1.629362035,-2.276349825,,-1.95285593
46,Q,,339,39,10,-1.216314608,-1.93148826,,-1.573901434
46,N,,164,9,10,-1.537780855,-1.61613241,,-1.576956633
46,T,,108,6,1,-1.532452022,-2.434712317,,-1.98358217
46,S,,114,20,1,-1.033054372,-2.458193413,,-1.745623893
46,A,,284,20,6,-1.429467861,-2.076455652,,-1.752961756
46,G,,203,15,4,-1.408584296,-2.106724609,,-1.757654452
46,M,,160,33,6,-0.962785559,-1.827257294,,-1.395021427
46,C,,232,17,4,-1.41221858,-2.164716556,,-1.788467568
46,V,,98,6,4,-1.490254342,-1.790454646,,-1.640354494
46,I,,11,10,9,-0.318572202,-0.488438738,,-0.40350547
46,L,,252,27,6,-1.247216293,-2.024537852,,-1.635877073
46,Y,,76,13,2,-1.044049757,-1.981072159,,-1.512560958
46,F,,129,18,2,-1.132496722,-2.210848277,,-1.671672499
46,W,,260,16,2,-1.488032882,-2.515231914,,-2.001632398
46,*,,287,13,9,-1.621118061,-1.904927949,,-1.763023005
47,E,,168,9,2,-1.548246289,-2.325567848,,-1.936907068
47,D,,175,10,3,-1.520217565,-2.167205356,,-1.843711461
47,K,,137,9,2,-1.459657574,-2.236979133,,-1.848318354
47,R,,269,12,2,-1.627750551,-2.530010846,,-2.078880698
47,H,,262,25,3,-1.297540799,-2.342468599,,-1.820004699
47,P,,184,8,2,-1.638907353,-2.365076389,,-2.001991871
47,Q,,144,16,2,-1.231422026,-2.258621058,,-1.745021542
47,N,,201,9,0,-1.626133065,#NUM!,,#NUM!
47,T,,158,12,5,-1.396655358,-1.900975645,,-1.648815501
47,S,,176,27,4,-1.09132842,-2.044741238,,-1.568034829
47,A,,183,22,0,-1.197207926,#NUM!,,#NUM!
47,G,,245,13,0,-1.552402249,#NUM!,,#NUM!
47,M,,189,50,32,-0.854671317,-1.172600388,,-1.013635852
47,C,,184,1,5,-2.54199734,-1.967136381,,-2.25456686
47,V,,173,30,2,-1.038104365,-2.338304669,,-1.688204517
47,I,,226,6,10,-1.853136705,-1.755397001,,-1.804266853
47,L,,56459,106884,142240,0,0,,0
47,Y,,152,4,7,-1.856963113,-1.73803411,,-1.797498612
47,F,,124,13,14,-1.25665785,-1.348582211,,-1.30262003
47,W,,197,11,2,-1.530253058,-2.394724792,,-1.962488925
47,*,,167,20,2,-1.198865992,-2.322975037,,-1.760920515
48,E,,271,13,8,-1.596205455,-1.931167866,,-1.763686661
48,D,,367,45,16,-1.188633067,-1.761834644,,-1.475233855
48,K,,149,9,3,-1.496123276,-2.097353576,,-1.796738426
48,R,,245,26,5,-1.251372253,-2.091484642,,-1.671428448
48,H,,16,20,21,-0.180269504,-0.28318925,,-0.231729377
48,P,,334,23,7,-1.439198147,-2.079936989,,-1.759567568
48,Q,,169,20,12,-1.204036226,-1.549994021,,-1.377015123
48,N,,179,15,6,-1.353941289,-1.875990343,,-1.614965816
48,T,,363,25,7,-1.439146133,-2.116097147,,-1.77762164
48,S,,253,37,7,-1.112098314,-1.959311043,,-1.535704678
48,A,,451,19,9,-1.652602458,-2.101222594,,-1.876912526
48,G,,304,27,3,-1.328689336,-2.407040891,,-1.867865113
48,M,,482,46,33,-1.297468723,-1.56582166,,-1.431645192
48,C,,300,160,28,-0.550180789,-1.431251785,,-0.990716287
48,V,,358,43,8,-1.197594088,-2.052081602,,-1.624837845
48,I,,375,19,4,-1.572457183,-2.373259838,,-1.972858511
48,L,,383,27,8,-1.429014527,-2.081397349,,-1.755205938
48,Y,,148,15,6,-1.271349973,-1.793399027,,-1.5323745
48,F,,314,32,5,-1.268959186,-2.199248206,,-1.734103696
48,W,,233,93456,75780,2.326071751,2.110910118,,2.218490935
48,*,,351,981,651,0.169182374,-0.13301469,,0.018083842
49,E,,304,31,6,-1.268691406,-2.106010895,,-1.687351151
49,D,,353,28,36,-1.377796191,-1.392760767,,-1.385278479
49,K,,329,15,8,-1.618284156,-2.015394473,,-1.816839314
49,R,,277,20,7,-1.41862929,-1.998670291,,-1.708649791
49,H,,287,19,11,-1.456307812,-1.817777774,,-1.637042793
49,P,,238,13,1,-1.539813121,-2.777865519,,-2.15883932
49,Q,,333,11,12,-1.758231065,-1.844551549,,-1.801391307
49,N,,240,21,5,-1.335171464,-2.082529799,,-1.708850632
49,T,,239,12,8,-1.576396172,-1.876596476,,-1.726496324
49,S,,26,28,36,-0.244994833,-0.259959409,,-0.252477121
49,A,,726,52,18,-1.422112794,-2.006952678,,-1.714532736
49,G,,209,10,2,-1.597325803,-2.420404852,,-2.008865328
49,M,,559,40,8,-1.422531333,-2.245610383,,-1.834070858
49,C,,359,38,9,-1.252490369,-2.002140501,,-1.627315435
49,V,,310,15,11,-1.592449951,-1.851257571,,-1.721853761
49,I,,348,17,5,-1.588309839,-2.243897802,,-1.91610382
49,L,,350,43,5,-1.187779105,-2.246386602,,-1.717082854
49,Y,,202,25,9,-1.184590877,-1.752397422,,-1.46849415
49,F,,199,8,9,-1.672942606,-1.745899129,,-1.709420868
49,W,,301,22,5,-1.413323331,-2.180885053,,-1.797104192
49,*,,366,25,11,-1.442720593,-1.923376962,,-1.683048778
