Position,AAMutation,Enrichment
K,26,NaN
R,26,NaN
R,26,-0.650303274
R,26,NaN
E,26,NaN
D,26,NaN
N,26,NaN
Q,26,0.052518671
H,26,NaN
T,26,NaN
T,26,0.459156469
S,26,NaN
S,26,NaN
S,26,0.329269652
C,26,-0.377696856
A,26,-0.829488626
S,26,-0.78221355
V,26,NaN
V,26,NaN
L,26,NaN
L,26,-0.894195277
L,26,-0.811414148
I,26,NaN
M,26,-1.587699127
F,26,NaN
Y,26,NaN
W,26,-1.346650154
G,26,NaN
G,26,NaN
P,26,NaN
P,26,0.062896287
*,26,-2.5
K,27,-0.159336616
R,27,NaN
R,27,NaN
R,27,-1.697199074
E,27,0.062896287
D,27,-0.036777332
N,27,NaN
Q,27,-0.469913688
H,27,NaN
T,27,NaN
T,27,NaN
S,27,NaN
S,27,NaN
S,27,NaN
C,27,NaN
A,27,NaN
S,27,0.064896005
V,27,NaN
V,27,-0.143883948
L,27,NaN
L,27,-1.438553504
L,27,-1.2712294
I,27,NaN
M,27,-1.245814317
F,27,NaN
Y,27,NaN
W,27,-1.493130241
G,27,NaN
G,27,-0.152057971
P,27,NaN
P,27,NaN
*,27,-2.6
K,28,-0.098721232
R,28,0.284065355
R,28,-0.767815781
R,28,NaN
E,28,NaN
D,28,-1.369876659
N,28,-0.601373225
Q,28,-1.42103053
H,28,0.062896287
T,28,NaN
T,28,NaN
S,28,NaN
S,28,NaN
S,28,NaN
C,28,-0.767816668
A,28,-0.203432407
S,28,NaN
V,28,NaN
V,28,NaN
L,28,-0.116002616
L,28,-1.364872529
L,28,NaN
I,28,NaN
M,28,-1.517920703
F,28,NaN
Y,28,0.365068293
W,28,-1.275623291
G,28,-1.369876659
G,28,NaN
P,28,-0.098720979
P,28,NaN
*,28,-2.2
K,29,NaN
R,29,NaN
R,29,NaN
R,29,NaN
E,29,-0.277743055
D,29,0.256459277
N,29,NaN
Q,29,NaN
H,29,-0.357181499
T,29,NaN
T,29,NaN
S,29,NaN
S,29,NaN
S,29,NaN
C,29,NaN
A,29,NaN
S,29,NaN
V,29,NaN
V,29,NaN
L,29,NaN
L,29,-0.045314082
L,29,NaN
I,29,NaN
M,29,-0.653814312
F,29,NaN
Y,29,NaN
W,29,-1.969282467
G,29,NaN
G,29,NaN
P,29,NaN
P,29,NaN
*,29,-2.8
K,30,0.411373035
R,30,NaN
R,30,NaN
R,30,NaN
E,30,NaN
D,30,NaN
N,30,-0.795189333
Q,30,NaN
H,30,NaN
T,30,NaN
T,30,NaN
S,30,NaN
S,30,NaN
S,30,NaN
C,30,NaN
A,30,NaN
S,30,NaN
V,30,NaN
V,30,NaN
L,30,NaN
L,30,-1.891219655
L,30,NaN
I,30,NaN
M,30,-1.353833642
F,30,NaN
Y,30,NaN
W,30,-1.474939093
G,30,NaN
G,30,NaN
P,30,NaN
P,30,NaN
*,30,-2.9
K,31,0.062896287
R,31,NaN
R,31,0.0637041
R,31,-0.280157608
E,31,-0.196266315
D,31,NaN
N,31,-0.078296596
Q,31,-0.680358922
H,31,NaN
T,31,NaN
T,31,-0.306582715
S,31,NaN
S,31,NaN
S,31,NaN
C,31,NaN
A,31,NaN
S,31,NaN
V,31,NaN
V,31,NaN
L,31,NaN
L,31,-1.532662575
L,31,-0.90864085
I,31,NaN
M,31,-1.256607712
F,31,NaN
Y,31,NaN
W,31,-1.285310374
G,31,NaN
G,31,-1.209670846
P,31,NaN
P,31,-0.732549591
*,31,-2.9
K,32,-0.667262644
R,32,NaN
R,32,NaN
R,32,-0.142330247
E,32,NaN
D,32,NaN
N,32,NaN
Q,32,NaN
H,32,NaN
T,32,NaN
T,32,0.152506226
S,32,NaN
S,32,NaN
S,32,NaN
C,32,NaN
A,32,NaN
S,32,NaN
V,32,NaN
V,32,NaN
L,32,NaN
L,32,-0.150134363
L,32,-0.437252768
I,32,0.017143476
M,32,1.129963221
F,32,NaN
Y,32,NaN
W,32,-0.506524253
G,32,NaN
G,32,NaN
P,32,NaN
P,32,-0.738282764
*,32,-2.9
K,33,NaN
R,33,-1.043508847
R,33,NaN
R,33,NaN
E,33,NaN
D,33,-0.441449114
N,33,NaN
Q,33,NaN
H,33,NaN
T,33,NaN
T,33,NaN
S,33,-0.428958477
S,33,0.110690087
S,33,NaN
C,33,-0.805222515
A,33,NaN
S,33,NaN
V,33,-1.389401237
V,33,NaN
L,33,-0.264307019
L,33,-0.494696962
L,33,-0.582537978
I,33,-0.570351192
M,33,-1.712059481
F,33,0.062896287
Y,33,-0.023945179
W,33,-1.789170607
G,33,NaN
G,33,NaN
P,33,NaN
P,33,NaN
*,33,-2.9
K,34,-0.02197119
R,34,NaN
R,34,NaN
R,34,NaN
E,34,NaN
D,34,NaN
N,34,-0.239949391
Q,34,NaN
H,34,NaN
T,34,-0.594267521
T,34,NaN
S,34,NaN
S,34,NaN
S,34,NaN
C,34,NaN
A,34,NaN
S,34,NaN
V,34,NaN
V,34,NaN
L,34,NaN
L,34,-1.559817888
L,34,NaN
I,34,NaN
M,34,-1.195756045
F,34,NaN
Y,34,NaN
W,34,-1.598464416
G,34,NaN
G,34,NaN
P,34,NaN
P,34,NaN
*,34,-2.9
K,35,-1.64702915
R,35,NaN
R,35,NaN
R,35,NaN
E,35,-0.257410217
D,35,NaN
N,35,NaN
Q,35,-0.348590833
H,35,-0.51669343
T,35,NaN
T,35,-0.525341168
S,35,NaN
S,35,NaN
S,35,-0.507724835
C,35,NaN
A,35,-0.319084686
S,35,0.062896287
V,35,NaN
V,35,-0.051764535
L,35,NaN
L,35,-1.588968204
L,35,NaN
I,35,NaN
M,35,-1.648338347
F,35,NaN
Y,35,NaN
W,35,-1.434303324
G,35,NaN
G,35,-0.239445558
P,35,NaN
P,35,-0.314732804
*,35,-2.9
K,36,NaN
R,36,-1.041838465
R,36,-1.986711334
R,36,NaN
E,36,-0.532082188
D,36,-1.736592782
N,36,-1.297351214
Q,36,1.435815912
H,36,-1.360650699
T,36,-0.897505468
T,36,-1.784218644
S,36,-0.509474957
S,36,8.539331777
S,36,-1.791117466
C,36,NaN
A,36,-1.634029831
S,36,-1.737302108
V,36,-1.107311442
V,36,NaN
L,36,-1.037775232
L,36,-1.40292786
L,36,NaN
I,36,0.062896287
M,36,0.272276756
F,36,0.138165585
Y,36,NaN
W,36,-1.145634828
G,36,-1.884604122
G,36,-1.884604122
P,36,-1.722191268
P,36,5.652412974
*,36,-2.9
K,37,-0.062276074
R,37,-1.730596837
R,37,-1.730596837
R,37,NaN
E,37,-1.792944356
D,37,-1.792944356
N,37,-2.169300563
Q,37,-1.517611349
H,37,-1.517611349
T,37,-1.789865623
T,37,-1.789865623
S,37,NaN
S,37,-1.851290648
S,37,-1.851290648
C,37,NaN
A,37,3.722326987
S,37,-0.867025451
V,37,-1.189095914
V,37,-0.107961682
L,37,NaN
L,37,-1.091123883
L,37,3.081773751
I,37,NaN
M,37,-0.431279677
F,37,-1.713095723
Y,37,NaN
W,37,-1.636894158
G,37,-1.70025269
G,37,-1.70025269
P,37,4.631485854
P,37,-2.104502682
*,37,-2.9
K,38,-0.079970331
R,38,0.084423276
R,38,-0.43879239
R,38,-0.198677901
E,38,-1.190126544
D,38,-1.382929688
N,38,-0.447391023
Q,38,-2.105149092
H,38,-1.429149327
T,38,-1.645970566
T,38,-1.028682091
S,38,-0.198677901
S,38,-1.534812089
S,38,-0.402605102
C,38,NaN
A,38,-2.113550492
S,38,-2.113550492
V,38,-1.454690479
V,38,-1.454690479
L,38,NaN
L,38,-1.399475134
L,38,0.632467093
I,38,NaN
M,38,-1.5275277
F,38,-1.833487384
Y,38,NaN
W,38,-1.506083731
G,38,-1.905668601
G,38,-0.479494864
P,38,-2.831484993
P,38,-0.132208852
*,38,-2.9
K,39,1.052328124
R,39,0.291388809
R,39,-1.867442969
R,39,NaN
E,39,-1.438962344
D,39,-1.438962344
N,39,0.546575083
Q,39,5.328902711
H,39,-1.798375982
T,39,6.595223488
T,39,-1.479199527
S,39,NaN
S,39,-0.041507405
S,39,-0.23360901
C,39,NaN
A,39,-0.094178582
S,39,-1.512723539
V,39,NaN
V,39,NaN
L,39,NaN
L,39,-1.413746764
L,39,-1.057513937
I,39,-1.106356895
M,39,-1.416175184
F,39,-2.31162745
Y,39,NaN
W,39,-1.519405971
G,39,3.142778196
G,39,-2.487522454
P,39,-0.375585996
P,39,-2.114214811
*,39,-2.9
K,40,-1.639459494
R,40,-1.541257726
R,40,-1.541257726
R,40,NaN
E,40,-0.889200414
D,40,-1.366320603
N,40,0.12617188
Q,40,-1.188971254
H,40,-1.188971254
T,40,-1.171776444
T,40,-1.171776444
S,40,-0.804332657
S,40,-1.959273493
S,40,-1.959273493
C,40,NaN
A,40,-2.450244349
S,40,3.666709891
V,40,-1.679103244
V,40,-1.679103244
L,40,NaN
L,40,-1.103387451
L,40,5.608966319
I,40,NaN
M,40,-1.6859578
F,40,-1.672630408
Y,40,NaN
W,40,-1.421539137
G,40,-0.174019265
G,40,0.120782244
P,40,-1.739296181
P,40,-1.739296181
*,40,-2.9
K,41,-1.55870097
R,41,-0.240427011
R,41,-1.37497322
R,41,-0.852797964
E,41,-1.423066744
D,41,-1.423066744
N,41,NaN
Q,41,-0.150369049
H,41,-1.811361077
T,41,NaN
T,41,-1.837704661
S,41,-0.852797964
S,41,-2.018389877
S,41,NaN
C,41,NaN
A,41,-1.799216561
S,41,-0.668211896
V,41,-1.536674666
V,41,-1.536674666
L,41,NaN
L,41,-1.309197958
L,41,-1.48962081
I,41,NaN
M,41,-1.485178359
F,41,-1.48962081
Y,41,NaN
W,41,-1.339156542
G,41,-2.153088561
G,41,NaN
P,41,-1.468095397
P,41,-1.769121546
*,41,-2.9
K,42,-1.686019479
R,42,NaN
R,42,NaN
R,42,NaN
E,42,2.573889708
D,42,-1.471704471
N,42,-0.98704876
Q,42,-1.702034191
H,42,-1.46376815
T,42,NaN
T,42,-1.487090764
S,42,NaN
S,42,NaN
S,42,NaN
C,42,NaN
A,42,-1.839359377
S,42,-0.804571356
V,42,-1.197116895
V,42,-1.674704449
L,42,NaN
L,42,-1.201695683
L,42,-1.394862356
I,42,-0.025513038
M,42,-1.491718538
F,42,-1.871983843
Y,42,NaN
W,42,-1.372414494
G,42,-1.603422386
G,42,-1.603422386
P,42,-1.818547917
P,42,-1.517520027
*,42,-2.9
K,43,-1.731513871
R,43,NaN
R,43,-1.155331053
R,43,NaN
E,43,-1.6003107
D,43,2.523472332
N,43,3.370809528
Q,43,-1.228890172
H,43,NaN
T,43,NaN
T,43,-1.02082217
S,43,NaN
S,43,NaN
S,43,-0.874602593
C,43,NaN
A,43,NaN
S,43,-1.275799905
V,43,-1.702458216
V,43,-1.702458216
L,43,NaN
L,43,-0.833233777
L,43,-1.366588622
I,43,NaN
M,43,-1.405646513
F,43,NaN
Y,43,NaN
W,43,-1.46305916
G,43,3.870468665
G,43,-1.525185882
P,43,-0.8289377
P,43,0.062896287
*,43,-2.9
K,44,NaN
R,44,-1.215794832
R,44,-1.215794832
R,44,NaN
E,44,-1.542947776
D,44,-1.542947776
N,44,0.047257273
Q,44,0.039217124
H,44,-1.430541032
T,44,NaN
T,44,-1.48533177
S,44,NaN
S,44,-1.671725924
S,44,-1.671725924
C,44,NaN
A,44,-1.748539045
S,44,1.283461231
V,44,NaN
V,44,NaN
L,44,NaN
L,44,-1.51106021
L,44,NaN
I,44,NaN
M,44,-1.227441725
F,44,NaN
Y,44,NaN
W,44,-1.038199017
G,44,NaN
G,44,NaN
P,44,-1.373640177
P,44,-1.373640177
*,44,-2.9
K,45,3.027543104
R,45,NaN
R,45,NaN
R,45,0.408264918
E,45,-1.573143927
D,45,-1.573143927
N,45,NaN
Q,45,-1.133724085
H,45,-1.732331306
T,45,-1.683629481
T,45,0.187607026
S,45,NaN
S,45,NaN
S,45,NaN
C,45,-0.799284176
A,45,-0.653270153
S,45,-1.590045031
V,45,NaN
V,45,0.010324189
L,45,NaN
L,45,1.230236279
L,45,-0.178069046
I,45,-0.43692322
M,45,2.054567797
F,45,NaN
Y,45,NaN
W,45,-1.451486634
G,45,NaN
G,45,NaN
P,45,-1.935505444
P,45,0.025471093
*,45,-2.9
K,46,NaN
R,46,-1.894843224
R,46,3.630088354
R,46,NaN
E,46,-1.463809603
D,46,-1.47323358
N,46,-1.21959438
Q,46,-1.006680179
H,46,-1.332421074
T,46,-1.147736544
T,46,NaN
S,46,-1.273069695
S,46,-1.534560072
S,46,NaN
C,46,-0.808043107
A,46,-1.504274456
S,46,4.961448928
V,46,-0.873026401
V,46,NaN
L,46,-0.517123739
L,46,-1.295974616
L,46,NaN
I,46,0.062896287
M,46,-1.144796917
F,46,-1.030909385
Y,46,NaN
W,46,-1.611028187
G,46,-1.795743455
G,46,4.763273578
P,46,-1.588832225
P,46,-2.366423405
*,46,-2.9
K,47,-1.98872228
R,47,NaN
R,47,-1.897607273
R,47,NaN
E,47,-1.916988588
D,47,3.347213856
N,47,1.363967879
Q,47,-1.220926237
H,47,NaN
T,47,2.430606112
T,47,-1.401083102
S,47,NaN
S,47,0.205902133
S,47,-1.498361186
C,47,-1.219789227
A,47,-2.787158395
S,47,-0.924542603
V,47,6.46318049
V,47,-1.283886308
L,47,-0.784529402
L,47,0.062896287
L,47,-0.702154957
I,47,NaN
M,47,-1.105460729
F,47,NaN
Y,47,NaN
W,47,-1.723750316
G,47,NaN
G,47,-2.130437666
P,47,-2.140098185
P,47,-0.89660082
*,47,-2.9
K,48,7.417442457
R,48,-0.93195591
R,48,-0.094619878
R,48,NaN
E,48,-8.784238086
D,48,-1.161292614
N,48,-1.233646728
Q,48,0.056035796
H,48,0.062896287
T,48,-1.687720169
T,48,-1.212122582
S,48,NaN
S,48,NaN
S,48,-1.141244055
C,48,0.951699943
A,48,-1.99758211
S,48,1.690471331
V,48,-1.291011679
V,48,-1.171652694
L,48,0.274209343
L,48,-1.675348008
L,48,-0.647400482
I,48,NaN
M,48,-1.385689295
F,48,-1.792155997
Y,48,-0.036297698
W,48,2.036516229
G,48,-1.210311146
G,48,-1.916387808
P,48,-1.27663327
P,48,NaN
*,48,-2.9
K,49,-1.717930712
R,49,-1.824686385
R,49,-0.745505331
R,49,NaN
E,49,-0.924538625
D,49,-1.447411203
N,49,-1.528143864
Q,49,-1.292963599
H,49,-1.564053632
T,49,-1.177057648
T,49,NaN
S,49,NaN
S,49,0.062896287
S,49,-0.067188045
C,49,-0.487914156
A,49,-1.41701484
S,49,-1.452554614
V,49,-1.924796724
V,49,0.701350293
L,49,NaN
L,49,-1.339082392
L,49,NaN
I,49,NaN
M,49,-1.565630676
F,49,-0.986230494
Y,49,-0.331921272
W,49,-1.399174115
G,49,-1.871119672
G,49,-0.326146079
P,49,-1.122165224
P,49,-1.416496386
*,49,-2.5
K,50,4
R,50,4.31036202
R,50,2.2
R,50,NaN
E,50,1.413471376
D,50,1.351456244
N,50,1.817401456
Q,50,1.543627621
H,50,1.507965894
T,50,8.732774682
T,50,-0.504403681
S,50,-0.603215163
S,50,0.075794816
S,50,-1.01539686
C,50,2
A,50,1.382656856
S,50,1.508525419
V,50,3.038812565
V,50,2
L,50,-0.22041766
L,50,3
L,50,NaN
I,50,NaN
M,50,0.707835062
F,50,-2.226464473
Y,50,NaN
W,50,-0.402978813
G,50,-1.722572816
G,50,-1.722572816
P,50,-0.284179224
P,50,-1.636298228
*,50,-2.5
K,51,-1.554464526
R,51,NaN
R,51,NaN
R,51,NaN
E,51,1.599661534
D,51,3.676595381
N,51,-1.083810066
Q,51,0.605138915
H,51,-0.04992101
T,51,-1.014919621
T,51,-1.014919621
S,51,NaN
S,51,-0.26861651
S,51,-0.779530227
C,51,NaN
A,51,0.643323551
S,51,-1.041483443
V,51,-1.340608047
V,51,-1.340608047
L,51,NaN
L,51,-1.929661401
L,51,-0.849584944
I,51,NaN
M,51,-1.721594253
F,51,-0.849584944
Y,51,NaN
W,51,-1.576285423
G,51,-1.343667237
G,51,-1.343667237
P,51,-1.482424804
P,51,-2.357415686
*,51,-2.5
K,52,-1.671580221
R,52,-2.712945579
R,52,NaN
R,52,NaN
E,52,1.089719467
D,52,-1.750974474
N,52,-1.671580221
Q,52,-1.043355714
H,52,-1.620684786
T,52,-1.1520489
T,52,-1.1520489
S,52,NaN
S,52,8.009493002
S,52,-0.763274121
C,52,0.217226376
A,52,-2.378130379
S,52,-0.642719767
V,52,-1.916677363
V,52,-1.620322512
L,52,1.189580642
L,52,-1.43942394
L,52,-1.431090168
I,52,-1.15734738
M,52,-1.788743134
F,52,-1.431090168
Y,52,NaN
W,52,-1.391852199
G,52,-2.022629427
G,52,-1.423973803
P,52,-0.696630745
P,52,-0.645125801
*,52,-2.5
K,53,-1.420596999
R,53,-1.250113537
R,53,-1.250113537
R,53,-0.405368236
E,53,NaN
D,53,-1.432565131
N,53,-1.420596999
Q,53,-2.443125057
H,53,-1.940459395
T,53,-1.179621543
T,53,-1.179621543
S,53,NaN
S,53,-2.310463086
S,53,-2.310463086
C,53,NaN
A,53,-1.606340265
S,53,-1.572441819
V,53,-1.192572346
V,53,-1.192572346
L,53,NaN
L,53,-1.57754418
L,53,-1.855774749
I,53,NaN
M,53,-1.327464587
F,53,-0.451849488
Y,53,NaN
W,53,-1.173479166
G,53,0.085055815
G,53,-0.857424473
P,53,-1.475012984
P,53,-2.280379897
*,53,-2.5
K,54,-1.153836884
R,54,-2.160466435
R,54,-2.160466435
R,54,NaN
E,54,-1.534884831
D,54,-1.534884831
N,54,-1.917437531
Q,54,-1.858293263
H,54,-1.858293263
T,54,-0.414620434
T,54,-0.099001532
S,54,-0.060095234
S,54,0.704895578
S,54,-1.427321675
C,54,NaN
A,54,-1.235252516
S,54,-1.235252516
V,54,-2.566353885
V,54,-2.566353885
L,54,NaN
L,54,-2.053894509
L,54,-1.650984401
I,54,NaN
M,54,-0.964005991
F,54,-1.650984401
Y,54,NaN
W,54,-1.827187771
G,54,-1.995207206
G,54,-1.995207206
P,54,-1.715203024
P,54,-1.715203024
*,54,-2.5
K,55,3.878504031
R,55,-1.374399299
R,55,NaN
R,55,NaN
E,55,NaN
D,55,-0.521321389
N,55,-1.650028204
Q,55,2.741738365
H,55,-1.875607776
T,55,-1.954451238
T,55,-1.954451238
S,55,0.14999217
S,55,-2.124400223
S,55,2.581476124
C,55,-0.907367138
A,55,-1.320161659
S,55,NaN
V,55,-1.204227408
V,55,NaN
L,55,NaN
L,55,-1.62354705
L,55,NaN
I,55,0.552583661
M,55,-2.044677649
F,55,-1.953592065
Y,55,NaN
W,55,-1.637899696
G,55,0.254153054
G,55,-1.261333144
P,55,NaN
P,55,-1.558398773
*,55,-2.5
K,56,-0.409554753
R,56,-1.362055447
R,56,-2.134410836
R,56,-0.043754953
E,56,-1.735841019
D,56,-0.315999354
N,56,-1.189420796
Q,56,-2.250465795
H,56,-0.99546261
T,56,NaN
T,56,-1.95658277
S,56,-0.043754953
S,56,1.005161101
S,56,-2.097753009
C,56,NaN
A,56,-1.768256489
S,56,-1.768256489
V,56,-2.009251249
V,56,-2.304271563
L,56,NaN
L,56,-2.031747473
L,56,-1.68276101
I,56,NaN
M,56,-1.963381974
F,56,-1.68276101
Y,56,NaN
W,56,-1.556198507
G,56,-1.557425712
G,56,-1.722222601
P,56,-1.46794019
P,56,-1.46794019
*,56,-2.5
K,57,NaN
R,57,-1.254958835
R,57,-1.254958835
R,57,-0.304803844
E,57,-2.215959851
D,57,-2.215959851
N,57,-1.95345041
Q,57,-1.626036347
H,57,NaN
T,57,-1.346245561
T,57,0.075374943
S,57,NaN
S,57,-1.415559769
S,57,-1.415559769
C,57,NaN
A,57,-1.50645177
S,57,-1.50645177
V,57,-1.903418117
V,57,-1.903418117
L,57,NaN
L,57,-1.799641977
L,57,-2.274850589
I,57,-0.75122977
M,57,-1.349299519
F,57,-2.274850589
Y,57,NaN
W,57,-1.938592846
G,57,-2.41119598
G,57,-1.776435778
P,57,-1.739197519
P,57,-0.826411271
*,57,-2.5
K,58,1.923412998
R,58,-1.889361335
R,58,-1.889361335
R,58,-0.409574206
E,58,0.858367432
D,58,-2.088879104
N,58,-1.92700521
Q,58,0.019581758
H,58,-2.030314566
T,58,0.098821428
T,58,-0.128789544
S,58,NaN
S,58,-0.385146006
S,58,-1.615811522
C,58,NaN
A,58,-1.70064726
S,58,3.733959457
V,58,-2.13654919
V,58,-2.13654919
L,58,NaN
L,58,-2.470179256
L,58,-3.117278461
I,58,NaN
M,58,-1.45885683
F,58,-0.138998651
Y,58,NaN
W,58,-2.307865444
G,58,-0.730749599
G,58,-1.92906057
P,58,-0.769854456
P,58,-1.748505731
*,58,-2.5
K,59,-1.667848819
R,59,-1.694491023
R,59,-2.359791897
R,59,NaN
E,59,-1.572289749
D,59,-1.572289749
N,59,-1.667848819
Q,59,-1.915122658
H,59,-1.915122658
T,59,-2.1950958
T,59,-2.1950958
S,59,NaN
S,59,-1.850167381
S,59,-1.850167381
C,59,-2.318172252
A,59,-1.030542971
S,59,-1.030542971
V,59,0.039625307
V,59,-0.71985072
L,59,NaN
L,59,-1.456669478
L,59,-0.237096138
I,59,NaN
M,59,-1.411503756
F,59,-1.739115164
Y,59,NaN
W,59,-1.931264866
G,59,-1.726926573
G,59,-1.617794962
P,59,-2.299411083
P,59,-2.299411083
*,59,-2.5
K,60,-0.563796137
R,60,-1.96760601
R,60,1.665557397
R,60,NaN
E,60,NaN
D,60,-1.632480086
N,60,-2.105469162
Q,60,-1.060180429
H,60,-2.179588095
T,60,-1.14717248
T,60,NaN
S,60,NaN
S,60,-1.37934028
S,60,NaN
C,60,NaN
A,60,0.254153054
S,60,0.4733252
V,60,-0.73302967
V,60,NaN
L,60,NaN
L,60,-2.43586642
L,60,-1.899774244
I,60,NaN
M,60,-2.396417293
F,60,-1.920820152
Y,60,NaN
W,60,-1.673176908
G,60,-1.546984869
G,60,NaN
P,60,-1.568302172
P,60,NaN
*,60,-2.5
K,61,1.827227227
R,61,-0.986094171
R,61,-0.58470587
R,61,NaN
E,61,-1.389097906
D,61,NaN
N,61,1.883956704
Q,61,-1.001835593
H,61,-7.384000397
T,61,-1.464052572
T,61,-1.464052572
S,61,0.25093085
S,61,-2.206996687
S,61,-2.206996687
C,61,NaN
A,61,-2.005716658
S,61,-2.005716658
V,61,NaN
V,61,-2.271354952
L,61,0.530535172
L,61,-1.407871371
L,61,NaN
I,61,NaN
M,61,-1.627265301
F,61,-1.778917506
Y,61,NaN
W,61,-1.292532561
G,61,NaN
G,61,-1.730159267
P,61,2.961912218
P,61,-2.106282504
*,61,-2.5
K,62,-2.357890982
R,62,-2.02086198
R,62,-2.321891976
R,62,NaN
E,62,-1.797739162
D,62,-1.580298434
N,62,-1.658920978
Q,62,-1.648008572
H,62,-2.794215254
T,62,-0.173317056
T,62,-0.474347051
S,62,NaN
S,62,NaN
S,62,-1.264376888
C,62,0.832151709
A,62,-0.238553765
S,62,-0.339419083
V,62,-0.207915876
V,62,-0.809976944
L,62,NaN
L,62,-1.810643039
L,62,NaN
I,62,NaN
M,62,-2.632478359
F,62,NaN
Y,62,NaN
W,62,-1.024142967
G,62,-1.180267952
G,62,-1.231350687
P,62,-1.977786023
P,62,-1.977786023
*,62,-2.684988922
K,63,NaN
R,63,NaN
R,63,NaN
R,63,NaN
E,63,-2.059456813
D,63,-2.059456813
N,63,NaN
Q,63,NaN
H,63,NaN
T,63,NaN
T,63,NaN
S,63,NaN
S,63,NaN
S,63,NaN
C,63,NaN
A,63,NaN
S,63,NaN
V,63,NaN
V,63,NaN
L,63,NaN
L,63,-0.036900994
L,63,-1.808836212
I,63,NaN
M,63,-1.785609993
F,63,NaN
Y,63,NaN
W,63,-2.513715757
G,63,NaN
G,63,NaN
P,63,NaN
P,63,NaN
*,63,-2.5
K,64,NaN
R,64,NaN
R,64,NaN
R,64,NaN
E,64,NaN
D,64,NaN
N,64,NaN
Q,64,NaN
H,64,NaN
T,64,-0.24654388
T,64,NaN
S,64,NaN
S,64,NaN
S,64,NaN
C,64,NaN
A,64,NaN
S,64,NaN
V,64,0.038811535
V,64,-0.32390014
L,64,NaN
L,64,-2.4255194
L,64,NaN
I,64,NaN
M,64,-2.443363537
F,64,NaN
Y,64,NaN
W,64,-1.548278883
G,64,NaN
G,64,NaN
P,64,NaN
P,64,NaN
*,64,-2.5
K,65,NaN
R,65,NaN
R,65,NaN
R,65,NaN
E,65,-0.734945628
D,65,0.375712681
N,65,1.123708783
Q,65,NaN
H,65,NaN
T,65,0.318679159
T,65,NaN
S,65,NaN
S,65,-0.617079684
S,65,NaN
C,65,NaN
A,65,0.254153054
S,65,-0.547573876
V,65,-0.209129476
V,65,NaN
L,65,NaN
L,65,-1.76098783
L,65,NaN
I,65,NaN
M,65,-1.735092985
F,65,NaN
Y,65,NaN
W,65,-2.080461079
G,65,0.423336103
G,65,NaN
P,65,0.643601273
P,65,NaN
*,65,-2.5
K,66,NaN
R,66,NaN
R,66,NaN
R,66,NaN
E,66,-0.347987377
D,66,NaN
N,66,NaN
Q,66,NaN
H,66,NaN
T,66,NaN
T,66,NaN
S,66,NaN
S,66,NaN
S,66,NaN
C,66,NaN
A,66,NaN
S,66,NaN
V,66,NaN
V,66,NaN
L,66,NaN
L,66,-1.700391221
L,66,NaN
I,66,NaN
M,66,-2.024171676
F,66,NaN
Y,66,NaN
W,66,-1.791911534
G,66,NaN
G,66,NaN
P,66,NaN
P,66,NaN
*,66,-2.5
K,67,NaN
R,67,NaN
R,67,NaN
R,67,-0.723664217
E,67,NaN
D,67,NaN
N,67,NaN
Q,67,NaN
H,67,NaN
T,67,NaN
T,67,NaN
S,67,NaN
S,67,NaN
S,67,NaN
C,67,NaN
A,67,NaN
S,67,NaN
V,67,NaN
V,67,NaN
L,67,NaN
L,67,-1.089149468
L,67,NaN
I,67,-0.108717354
M,67,-1.478014643
F,67,NaN
Y,67,NaN
W,67,-2.12358865
G,67,NaN
G,67,NaN
P,67,NaN
P,67,NaN
*,67,-2.5
K,68,NaN
R,68,NaN
R,68,NaN
R,68,NaN
E,68,-0.165623635
D,68,0.163247125
N,68,NaN
Q,68,NaN
H,68,NaN
T,68,NaN
T,68,NaN
S,68,NaN
S,68,NaN
S,68,NaN
C,68,NaN
A,68,NaN
S,68,NaN
V,68,NaN
V,68,NaN
L,68,NaN
L,68,-1.871854397
L,68,NaN
I,68,NaN
M,68,-1.262966242
F,68,NaN
Y,68,NaN
W,68,-1.351278271
G,68,NaN
G,68,NaN
P,68,NaN
P,68,NaN
*,68,-2.5
K,69,NaN
R,69,NaN
R,69,NaN
R,69,NaN
E,69,NaN
D,69,-0.199741205
N,69,NaN
Q,69,NaN
H,69,NaN
T,69,0.206675337
T,69,NaN
S,69,NaN
S,69,-0.642918168
S,69,NaN
C,69,0.055790615
A,69,0.254153054
S,69,0.055791822
V,69,0.162303825
V,69,NaN
L,69,NaN
L,69,NaN
L,69,NaN
I,69,NaN
M,69,NaN
F,69,NaN
Y,69,NaN
W,69,-2.030828205
G,69,-0.245237486
G,69,-0.89845006
P,69,0.05535794
P,69,NaN
*,69,-2.293816525
K,70,-1.091674152
R,70,NaN
R,70,NaN
R,70,NaN
E,70,-0.142817731
D,70,-0.545003178
N,70,NaN
Q,70,NaN
H,70,NaN
T,70,NaN
T,70,NaN
S,70,NaN
S,70,NaN
S,70,NaN
C,70,NaN
A,70,NaN
S,70,NaN
V,70,NaN
V,70,NaN
L,70,NaN
L,70,-1.845753644
L,70,NaN
I,70,NaN
M,70,-1.612439035
F,70,NaN
Y,70,NaN
W,70,-2.004444851
G,70,NaN
G,70,NaN
P,70,NaN
P,70,NaN
*,70,-2.086649156
K,71,NaN
R,71,NaN
R,71,NaN
R,71,NaN
E,71,NaN
D,71,NaN
N,71,NaN
Q,71,-0.547608269
H,71,NaN
T,71,NaN
T,71,-1.08906906
S,71,NaN
S,71,-0.18451941
S,71,NaN
C,71,0.112523772
A,71,NaN
S,71,NaN
V,71,0.492500222
V,71,0.781451434
L,71,0.189942685
L,71,-1.359774658
L,71,-0.119683194
I,71,0.055105066
M,71,-1.763207091
F,71,0.254153054
Y,71,-0.128997174
W,71,-1.314107989
G,71,-1.203953414
G,71,NaN
P,71,-0.545003178
P,71,NaN
*,71,-2.5
K,72,NaN
R,72,0.141839303
R,72,NaN
R,72,NaN
E,72,NaN
D,72,NaN
N,72,NaN
Q,72,NaN
H,72,0.567940436
T,72,NaN
T,72,NaN
S,72,NaN
S,72,NaN
S,72,NaN
C,72,NaN
A,72,NaN
S,72,NaN
V,72,0.055757597
V,72,NaN
L,72,0.254153054
L,72,-0.098958392
L,72,NaN
I,72,-0.10875211
M,72,0.169755464
F,72,0.210400723
Y,72,NaN
W,72,NaN
G,72,NaN
G,72,NaN
P,72,0.207407854
P,72,NaN
*,72,-2.5
K,73,-2.201921137
R,73,-1.954148369
R,73,-1.954148369
R,73,-0.24657703
E,73,NaN
D,73,NaN
N,73,-2.201921137
Q,73,-1.964484486
H,73,-1.964484486
T,73,NaN
T,73,NaN
S,73,-0.24657703
S,73,-0.697353926
S,73,-0.697353926
C,73,NaN
A,73,NaN
S,73,NaN
V,73,-0.853307634
V,73,-0.853307634
L,73,NaN
L,73,-1.109775536
L,73,0.055321693
I,73,NaN
M,73,-0.470288867
F,73,-0.244538426
Y,73,NaN
W,73,-0.863887228
G,73,-2.152457017
G,73,-2.152457017
P,73,1.896472902
P,73,-1.962519887
*,73,-2.5
K,74,0.207407854
R,74,NaN
R,74,-2.5
R,74,-2.201921137
E,74,-1.954148369
D,74,-1.954148369
N,74,-0.24657703
Q,74,NaN
H,74,NaN
T,74,-2.201921137
T,74,-1.964484486
S,74,-1.964484486
S,74,NaN
S,74,NaN
C,74,-0.24657703
A,74,-0.697353926
S,74,-0.697353926
V,74,NaN
V,74,NaN
L,74,NaN
L,74,-0.853307634
L,74,-0.853307634
I,74,NaN
M,74,-1.109775536
F,74,0.055321693
Y,74,NaN
W,74,-0.470288867
G,74,-0.244538426
G,74,NaN
P,74,-0.863887228
P,74,-2.152457017
*,74,-2.152457017
K,75,1.896472902
R,75,-1.962519887
R,75,-2.5
R,75,NaN
E,75,NaN
D,75,NaN
N,75,-0.314307148
Q,75,NaN
H,75,NaN
T,75,NaN
T,75,NaN
S,75,NaN
S,75,NaN
S,75,NaN
C,75,NaN
A,75,NaN
S,75,NaN
V,75,NaN
V,75,NaN
L,75,NaN
L,75,0
L,75,NaN
I,75,NaN
M,75,0
F,75,NaN
Y,75,0
W,75,0
G,75,NaN
G,75,NaN
P,75,NaN
P,75,NaN
*,75,-2.5
K,76,NaN
R,76,0
R,76,NaN
R,76,NaN
E,76,NaN
D,76,NaN
N,76,NaN
Q,76,NaN
H,76,NaN
T,76,NaN
T,76,0
S,76,NaN
S,76,NaN
S,76,NaN
C,76,NaN
A,76,NaN
S,76,NaN
V,76,NaN
V,76,-0.647626459
L,76,0
L,76,-2.095352577
L,76,0
I,76,0
M,76,-1.691601822
F,76,NaN
Y,76,NaN
W,76,-1.969832183
G,76,NaN
G,76,0.28212068
P,76,NaN
P,76,0
*,76,-2.5
K,77,0
R,77,NaN
R,77,NaN
R,77,NaN
E,77,0
D,77,NaN
N,77,NaN
Q,77,NaN
H,77,NaN
T,77,NaN
T,77,0
S,77,NaN
S,77,NaN
S,77,0
C,77,NaN
A,77,0.007019133
S,77,0.105277974
V,77,NaN
V,77,NaN
L,77,NaN
L,77,-1.813019198
L,77,0
I,77,NaN
M,77,-1.766217491
F,77,NaN
Y,77,NaN
W,77,-1.867710977
G,77,NaN
G,77,0
P,77,NaN
P,77,NaN
*,77,-2.5
K,78,NaN
R,78,-0.350863833
R,78,NaN
R,78,NaN
E,78,0.494670981
D,78,-0.314307148
N,78,0.073467182
Q,78,NaN
H,78,-0.008162962
T,78,NaN
T,78,NaN
S,78,NaN
S,78,0
S,78,NaN
C,78,0
A,78,0.053635565
S,78,NaN
V,78,0.273408561
V,78,NaN
L,78,NaN
L,78,NaN
L,78,-1.195962973
I,78,-0.949857622
M,78,-1.546974562
F,78,NaN
Y,78,-0.262822996
W,78,-1.505407119
G,78,0.235865459
G,78,NaN
P,78,NaN
P,78,NaN
*,78,-2.5
K,79,NaN
R,79,NaN
R,79,0
R,79,NaN
E,79,0.106373926
D,79,NaN
N,79,NaN
Q,79,0
H,79,0
T,79,NaN
T,79,0.21185901
S,79,NaN
S,79,NaN
S,79,-0.406188043
C,79,NaN
A,79,-0.173003544
S,79,-0.314307148
V,79,NaN
V,79,0.175262606
L,79,NaN
L,79,-1.95739021
L,79,-0.046907204
I,79,NaN
M,79,-2.166496516
F,79,NaN
Y,79,NaN
W,79,-1.747420698
G,79,NaN
G,79,-0.390488627
P,79,NaN
P,79,-0.547766876
*,79,-2.5
K,80,0.240275836
R,80,NaN
R,80,NaN
R,80,NaN
E,80,0
D,80,NaN
N,80,0
Q,80,-0.348352026
H,80,NaN
T,80,NaN
T,80,NaN
S,80,NaN
S,80,NaN
S,80,NaN
C,80,NaN
A,80,NaN
S,80,NaN
V,80,NaN
V,80,NaN
L,80,NaN
L,80,-1.58945817
L,80,NaN
I,80,NaN
M,80,-0.860898576
F,80,NaN
Y,80,NaN
W,80,-1.937690575
G,80,NaN
G,80,NaN
P,80,NaN
P,80,NaN
*,80,-2.5
K,81,NaN
R,81,NaN
R,81,NaN
R,81,NaN
E,81,NaN
D,81,NaN
N,81,-0.184586919
Q,81,NaN
H,81,NaN
T,81,0.328508601
T,81,NaN
S,81,0.252822023
S,81,NaN
S,81,NaN
C,81,NaN
A,81,NaN
S,81,NaN
V,81,0.369401872
V,81,NaN
L,81,-0.172432816
L,81,0
L,81,NaN
I,81,-0.314307148
M,81,-0.445720151
F,81,0.109690729
Y,81,NaN
W,81,NaN
G,81,NaN
G,81,NaN
P,81,NaN
P,81,NaN
*,81,-2.5
K,82,NaN
R,82,NaN
R,82,NaN
R,82,NaN
E,82,0.288227007
D,82,-0.314307148
N,82,0.247742966
Q,82,NaN
H,82,-0.144712997
T,82,NaN
T,82,NaN
S,82,NaN
S,82,-0.347851673
S,82,NaN
C,82,NaN
A,82,0.19532421
S,82,NaN
V,82,0.148627077
V,82,NaN
L,82,NaN
L,82,NaN
L,82,NaN
I,82,NaN
M,82,NaN
F,82,NaN
Y,82,0.136469581
W,82,0
G,82,0.128558193
G,82,NaN
P,82,NaN
P,82,NaN
*,82,-2.5
K,83,NaN
R,83,NaN
R,83,NaN
R,83,NaN
E,83,NaN
D,83,NaN
N,83,NaN
Q,83,NaN
H,83,NaN
T,83,NaN
T,83,NaN
S,83,NaN
S,83,NaN
S,83,NaN
C,83,NaN
A,83,NaN
S,83,NaN
V,83,NaN
V,83,NaN
L,83,NaN
L,83,0
L,83,0.766014464
I,83,NaN
M,83,0
F,83,0.172519954
Y,83,NaN
W,83,0
G,83,NaN
G,83,NaN
P,83,NaN
P,83,NaN
*,83,-2.5
K,84,NaN
R,84,0
R,84,0
R,84,NaN
E,84,0.565970033
D,84,0.565970033
N,84,NaN
Q,84,-0.347170221
H,84,-0.347170221
T,84,NaN
T,84,NaN
S,84,NaN
S,84,NaN
S,84,NaN
C,84,-0.347971541
A,84,0.528355972
S,84,-0.188572193
V,84,0.044757553
V,84,NaN
L,84,-0.222831463
L,84,-0.222831463
L,84,-6.652942888
I,84,0.327723704
M,84,0.327723704
F,84,0.26205601
Y,84,NaN
W,84,-0.347971541
G,84,0
G,84,-0.523262084
P,84,0
P,84,0
*,84,-2.5
K,85,0
R,85,-0.16718015
R,85,-0.046850504
R,85,0.86966566
E,85,NaN
D,85,NaN
N,85,0
Q,85,NaN
H,85,-0.247999027
T,85,NaN
T,85,NaN
S,85,0.86966566
S,85,NaN
S,85,0
C,85,3.162610081
A,85,-0.347224789
S,85,-0.347224789
V,85,-0.046487723
V,85,NaN
L,85,-1.072566311
L,85,NaN
L,85,0
I,85,NaN
M,85,0
F,85,0
Y,85,0
W,85,-0.091727855
G,85,0.32139062
G,85,NaN
P,85,-0.302052237
P,85,NaN
*,85,0
K,86,NaN
R,86,-0.803244833
R,86,5.324189962
R,86,NaN
E,86,0
D,86,-0.314307148
N,86,0.309198785
Q,86,0.250578108
H,86,0.206574967
T,86,NaN
T,86,NaN
S,86,NaN
S,86,-1.090938177
S,86,NaN
C,86,NaN
A,86,-0.82431565
S,86,NaN
V,86,NaN
V,86,0
L,86,NaN
L,86,-0.916162715
L,86,NaN
I,86,0
M,86,-2.595476266
F,86,NaN
Y,86,-1.124767649
W,86,0
G,86,0
G,86,0
P,86,-0.098358968
P,86,5.467561815
*,86,-2.5
K,87,0
R,87,NaN
R,87,NaN
R,87,NaN
E,87,0
D,87,0
N,87,0
Q,87,NaN
H,87,NaN
T,87,0
T,87,0
S,87,NaN
S,87,0
S,87,0
C,87,0
A,87,NaN
S,87,NaN
V,87,-0.255489018
V,87,0
L,87,NaN
L,87,0
L,87,NaN
I,87,NaN
M,87,0
F,87,-0.561359885
Y,87,NaN
W,87,0
G,87,NaN
G,87,NaN
P,87,NaN
P,87,NaN
*,87,-2.5
K,88,-1.434614834
R,88,NaN
R,88,NaN
R,88,NaN
E,88,0
D,88,0
N,88,NaN
Q,88,NaN
H,88,NaN
T,88,NaN
T,88,-0.559554958
S,88,NaN
S,88,0
S,88,0
C,88,NaN
A,88,NaN
S,88,NaN
V,88,NaN
V,88,-0.434614335
L,88,NaN
L,88,NaN
L,88,-0.932724983
I,88,0
M,88,-0.314307148
F,88,NaN
Y,88,0
W,88,0
G,88,NaN
G,88,NaN
P,88,0.271395
P,88,0
*,88,-2.5
K,89,0
R,89,-0.559145993
R,89,NaN
R,89,NaN
E,89,0
D,89,0
N,89,NaN
Q,89,0
H,89,0
T,89,-0.029739281
T,89,-0.314307148
S,89,NaN
S,89,NaN
S,89,0
C,89,0
A,89,0.134183842
S,89,-0.289433699
V,89,0
V,89,0
L,89,NaN
L,89,NaN
L,89,NaN
I,89,NaN
M,89,-1.212358165
F,89,NaN
Y,89,NaN
W,89,0
G,89,NaN
G,89,0
P,89,NaN
P,89,-0.501151886
*,89,-2.5
K,90,NaN
R,90,0
R,90,0
R,90,NaN
E,90,0
D,90,0
N,90,NaN
Q,90,NaN
H,90,0
T,90,NaN
T,90,-0.032312232
S,90,NaN
S,90,NaN
S,90,-0.333342227
C,90,NaN
A,90,NaN
S,90,NaN
V,90,0
V,90,0
L,90,NaN
L,90,-0.986554278
L,90,NaN
I,90,NaN
M,90,0
F,90,NaN
Y,90,-0.55854241
W,90,-0.731282236
G,90,0
G,90,0
P,90,0
P,90,-0.314307148
*,90,-2.5
K,91,NaN
R,91,NaN
R,91,NaN
R,91,NaN
E,91,NaN
D,91,NaN
N,91,NaN
Q,91,0
H,91,0
T,91,NaN
T,91,NaN
S,91,NaN
S,91,NaN
S,91,NaN
C,91,NaN
A,91,NaN
S,91,NaN
V,91,NaN
V,91,NaN
L,91,NaN
L,91,NaN
L,91,-0.557619243
I,91,0
M,91,0
F,91,0
Y,91,NaN
W,91,0
G,91,NaN
G,91,NaN
P,91,NaN
P,91,NaN
*,91,-2.5
K,92,0
R,92,0
R,92,NaN
R,92,NaN
E,92,0
D,92,0.044446171
N,92,0
Q,92,0
H,92,0
T,92,-1.069494144
T,92,NaN
S,92,NaN
S,92,-0.533828555
S,92,NaN
C,92,0
A,92,-0.314307148
S,92,0
V,92,-1.347663445
V,92,NaN
L,92,NaN
L,92,0
L,92,NaN
I,92,NaN
M,92,-1.599582729
F,92,NaN
Y,92,NaN
W,92,-1.812196463
G,92,-0.031722566
G,92,NaN
P,92,0
P,92,NaN
*,92,-2.5
K,93,0
R,93,-0.556052997
R,93,NaN
R,93,0
E,93,0
D,93,0
N,93,0
Q,93,0
H,93,NaN
T,93,NaN
T,93,NaN
S,93,-0.732992208
S,93,NaN
S,93,NaN
C,93,NaN
A,93,NaN
S,93,NaN
V,93,0
V,93,0
L,93,NaN
L,93,-1.963127887
L,93,0
I,93,NaN
M,93,-2.003209824
F,93,0
Y,93,NaN
W,93,-1.995384925
G,93,NaN
G,93,NaN
P,93,0
P,93,0
*,93,-2.5
K,94,0
R,94,NaN
R,94,NaN
R,94,NaN
E,94,-0.049564857
D,94,-0.049564857
N,94,0
Q,94,0
H,94,0
T,94,NaN
T,94,NaN
S,94,NaN
S,94,-0.153572076
S,94,0
C,94,NaN
A,94,0
S,94,NaN
V,94,0
V,94,NaN
L,94,NaN
L,94,-2.121660359
L,94,0
I,94,NaN
M,94,-2.109760897
F,94,-1.320151602
Y,94,NaN
W,94,-1.531484463
G,94,NaN
G,94,0
P,94,NaN
P,94,NaN
*,94,-2.5
K,95,0
R,95,2
R,95,NaN
R,95,NaN
E,95,0
D,95,-0.3027958
N,95,2.195935766
Q,95,1.530077719
H,95,2.132740854
T,95,NaN
T,95,3.5
S,95,0.776360209
S,95,3
S,95,1.5
C,95,2.5
A,95,0
S,95,0
V,95,0
V,95,3
L,95,NaN
L,95,0
L,95,NaN
I,95,3.5
M,95,3.2
F,95,-0.251647604
Y,95,0.589293589
W,95,0
G,95,-0.001804742
G,95,0
P,95,0
P,95,0
*,95,-2.5
K,96,NaN
R,96,-0.299142756
R,96,0
R,96,NaN
E,96,NaN
D,96,0
N,96,-0.898778392
Q,96,0
H,96,-0.59774732
T,96,-0.314307148
T,96,-0.902037755
S,96,-0.722686595
S,96,-0.394840291
S,96,0
C,96,0
A,96,-1.199807849
S,96,NaN
V,96,0
V,96,0
L,96,0
L,96,0
L,96,0
I,96,-0.898778392
M,96,-1.515413335
F,96,NaN
Y,96,NaN
W,96,-1.651327304
G,96,0
G,96,NaN
P,96,-0.021153913
P,96,NaN
*,96,-2.5
K,97,2.528046691
R,97,-2.045592452
R,97,3.630526985
R,97,NaN
E,97,1.921167377
D,97,-1.607527638
N,97,-1.672581699
Q,97,3.071209554
H,97,-1.927776373
T,97,-2.232766771
T,97,-2.232766771
S,97,NaN
S,97,-1.552160915
S,97,NaN
C,97,0
A,97,-1.318594924
S,97,-1.318594924
V,97,0
V,97,0
L,97,-0.296543804
L,97,-1.713242409
L,97,-0.298210028
I,97,NaN
M,97,-0.342747993
F,97,-0.314307148
Y,97,-0.624764212
W,97,-2.363490285
G,97,-1.331346801
G,97,-2.028937699
P,97,-2.355173259
P,97,NaN
*,97,-2.5
K,98,0
R,98,-0.262750764
R,98,-0.262750764
R,98,NaN
E,98,0.084344399
D,98,NaN
N,98,2
Q,98,NaN
H,98,-0.262750764
T,98,2
T,98,3
S,98,3.2
S,98,-0.091748243
S,98,3
C,98,2.6
A,98,2.5
S,98,2
V,98,0.863630186
V,98,0.863630186
L,98,2
L,98,3
L,98,2
I,98,2.54
M,98,2
F,98,NaN
Y,98,NaN
W,98,-1.315501997
G,98,2
G,98,0
P,98,-2.5
P,98,NaN
*,98,-2.5
K,99,-0.304229849
R,99,0
R,99,0
R,99,NaN
E,99,0
D,99,0
N,99,0.34902657
Q,99,NaN
H,99,-0.382450549
T,99,0.064733616
T,99,-0.780416397
S,99,NaN
S,99,0
S,99,0
C,99,NaN
A,99,0
S,99,0
V,99,NaN
V,99,NaN
L,99,NaN
L,99,-0.604322836
L,99,0
I,99,-0.0022305
M,99,0
F,99,0
Y,99,NaN
W,99,-1.303233934
G,99,0
G,99,0
P,99,NaN
P,99,NaN
*,99,-2.5
K,100,0
R,100,NaN
R,100,NaN
R,100,NaN
E,100,-0.780355763
D,100,NaN
N,100,0
Q,100,0
H,100,-0.303233072
T,100,0
T,100,0
S,100,NaN
S,100,NaN
S,100,NaN
C,100,-0.303274071
A,100,0
S,100,0
V,100,NaN
V,100,-1.002264572
L,100,NaN
L,100,-1.002203938
L,100,NaN
I,100,NaN
M,100,NaN
F,100,NaN
Y,100,NaN
W,100,-0.303274071
G,100,-0.002537671
G,100,0.585051753
P,100,0
P,100,0
*,100,-2.5
K,101,0
R,101,-0.303868162
R,101,-0.303868162
R,101,0
E,101,NaN
D,101,NaN
N,101,0
Q,101,0
H,101,0
T,101,0
T,101,0
S,101,0
S,101,0
S,101,0
C,101,NaN
A,101,0
S,101,0
V,101,0
V,101,0.474283377
L,101,NaN
L,101,0
L,101,NaN
I,101,NaN
M,101,NaN
F,101,NaN
Y,101,NaN
W,101,-0.206939091
G,101,NaN
G,101,NaN
P,101,0
P,101,0
*,101,-2.5
K,102,-0.105579156
R,102,0
R,102,0
R,102,NaN
E,102,-1.149412253
D,102,NaN
N,102,NaN
Q,102,-0.547474889
H,102,NaN
T,102,NaN
T,102,-0.508532526
S,102,NaN
S,102,0
S,102,0
C,102,NaN
A,102,0
S,102,0
V,102,NaN
V,102,NaN
L,102,NaN
L,102,0
L,102,NaN
I,102,NaN
M,102,-0.781683338
F,102,NaN
Y,102,NaN
W,102,0
G,102,0
G,102,0
P,102,NaN
P,102,-1.003284341
*,102,-2.5
K,103,0
R,103,-1.258551
R,103,-1.258551
R,103,NaN
E,103,0
D,103,0
N,103,0
Q,103,0
H,103,0
T,103,NaN
T,103,NaN
S,103,NaN
S,103,-0.605591396
S,103,0
C,103,NaN
A,103,-0.128299814
S,103,-0.128299814
V,103,0.47375882
V,103,NaN
L,103,NaN
L,103,0
L,103,0
I,103,NaN
M,103,0
F,103,0.364553836
Y,103,NaN
W,103,0
G,103,NaN
G,103,0
P,103,NaN
P,103,NaN
*,103,-2.5
K,104,0
R,104,0
R,104,0
R,104,NaN
E,104,0
D,104,0
N,104,0
Q,104,-1.082691299
H,104,-1.082691299
T,104,0
T,104,0
S,104,NaN
S,104,NaN
S,104,NaN
C,104,NaN
A,104,0
S,104,0
V,104,NaN
V,104,NaN
L,104,NaN
L,104,-1.082691148
L,104,0
I,104,NaN
M,104,NaN
F,104,0
Y,104,NaN
W,104,0
G,104,NaN
G,104,NaN
P,104,0
P,104,0
*,104,-2.5
K,105,0
R,105,0
R,105,NaN
R,105,NaN
E,105,0
D,105,0
N,105,0
Q,105,0
H,105,0
T,105,-0.003247327
T,105,0
S,105,0.172676078
S,105,0
S,105,0
C,105,0
A,105,0
S,105,0
V,105,0
V,105,0
L,105,NaN
L,105,-1.082680378
L,105,0
I,105,-0.105579156
M,105,-0.906332974
F,105,0
Y,105,NaN
W,105,0
G,105,0
G,105,0
P,105,0
P,105,0
*,105,-2.5
K,106,NaN
R,106,NaN
R,106,NaN
R,106,NaN
E,106,-0.304255847
D,106,0
N,106,-0.90656678
Q,106,0
H,106,0
T,106,0
T,106,0
S,106,NaN
S,106,0
S,106,0
C,106,NaN
A,106,-0.781626608
S,106,-0.781626608
V,106,0
V,106,-0.128330762
L,106,NaN
L,106,0.263756153
L,106,0
I,106,NaN
M,106,-0.906314761
F,106,0
Y,106,NaN
W,106,0
G,106,NaN
G,106,0.625059665
P,106,0
P,106,NaN
*,106,-2.5
K,107,0
R,107,0
R,107,0
R,107,NaN
E,107,NaN
D,107,-0.42966321
N,107,0
Q,107,-0.604718527
H,107,-0.604718527
T,107,NaN
T,107,NaN
S,107,NaN
S,107,NaN
S,107,NaN
C,107,0
A,107,-1.082091294
S,107,-1.082091294
V,107,-0.303686795
V,107,-0.303686795
L,107,NaN
L,107,-1.002910335
L,107,NaN
I,107,NaN
M,107,0
F,107,NaN
Y,107,NaN
W,107,0
G,107,NaN
G,107,NaN
P,107,-0.906000754
P,107,NaN
*,107,-2.5
K,108,NaN
R,108,0
R,108,0
R,108,NaN
E,108,0
D,108,0.227713011
N,108,NaN
Q,108,-0.303835061
H,108,-0.303835061
T,108,0
T,108,0
S,108,NaN
S,108,NaN
S,108,NaN
C,108,NaN
A,108,NaN
S,108,NaN
V,108,0
V,108,0
L,108,NaN
L,108,0
L,108,0
I,108,NaN
M,108,0
F,108,0
Y,108,NaN
W,108,0
G,108,NaN
G,108,NaN
P,108,NaN
P,108,NaN
*,108,-2.5
K,109,0
R,109,0
R,109,0
R,109,NaN
E,109,0
D,109,0
N,109,0
Q,109,NaN
H,109,0
T,109,NaN
T,109,NaN
S,109,NaN
S,109,-0.479674535
S,109,0
C,109,-0.86785353
A,109,0
S,109,0
V,109,-0.546806298
V,109,NaN
L,109,-0.361820536
L,109,0
L,109,NaN
I,109,NaN
M,109,0
F,109,-0.105579156
Y,109,NaN
W,109,0
G,109,0
G,109,0
P,109,0
P,109,NaN
*,109,-2.5
K,110,NaN
R,110,0
R,110,NaN
R,110,NaN
E,110,NaN
D,110,-0.105579156
N,110,-0.655875229
Q,110,0
H,110,0.423276648
T,110,NaN
T,110,NaN
S,110,NaN
S,110,-0.002602177
S,110,0
C,110,NaN
A,110,0.247199563
S,110,NaN
V,110,-0.60484344
V,110,NaN
L,110,NaN
L,110,-0.780931809
L,110,NaN
I,110,NaN
M,110,NaN
F,110,NaN
Y,110,-0.048400331
W,110,0
G,110,-0.604682065
G,110,NaN
P,110,0
P,110,0
*,110,-2.5
K,111,0
R,111,NaN
R,111,0.59969929
R,111,NaN
E,111,0
D,111,0
N,111,0
Q,111,-0.303885214
H,111,0
T,111,0
T,111,NaN
S,111,NaN
S,111,0
S,111,0
C,111,NaN
A,111,0
S,111,0
V,111,NaN
V,111,NaN
L,111,-0.179126856
L,111,-0.179126856
L,111,NaN
I,111,NaN
M,111,0
F,111,NaN
Y,111,NaN
W,111,-1.206976069
G,111,-0.605155731
G,111,-0.605155731
P,111,-0.002855219
P,111,0
*,111,-2.5
K,112,0.125485665
R,112,NaN
R,112,NaN
R,112,NaN
E,112,0
D,112,-0.224837252
N,112,0.125485665
Q,112,-0.082025589
H,112,-0.082025589
T,112,-0.30377826
T,112,-0.30377826
S,112,NaN
S,112,0
S,112,0
C,112,NaN
A,112,NaN
S,112,NaN
V,112,0
V,112,0
L,112,NaN
L,112,0
L,112,NaN
I,112,NaN
M,112,0
F,112,NaN
Y,112,NaN
W,112,NaN
G,112,NaN
G,112,NaN
P,112,0.240290641
P,112,0.240290641
*,112,-2.5
K,113,-0.605043607
R,113,0
R,113,0
R,113,NaN
E,113,0
D,113,0
N,113,-0.605043607
Q,113,0
H,113,0
T,113,0
T,113,0
S,113,NaN
S,113,NaN
S,113,NaN
C,113,NaN
A,113,0
S,113,-0.479864349
V,113,-0.303931686
V,113,-0.303931686
L,113,NaN
L,113,NaN
L,113,NaN
I,113,NaN
M,113,0
F,113,NaN
Y,113,NaN
W,113,-0.826732857
G,113,NaN
G,113,-0.002981879
P,113,0
P,113,0
*,113,-2.5
K,114,0
R,114,0
R,114,0
R,114,NaN
E,114,0
D,114,0
N,114,0
Q,114,0
H,114,0
T,114,NaN
T,114,NaN
S,114,NaN
S,114,0
S,114,0
C,114,NaN
A,114,0
S,114,0
V,114,-0.480094508
V,114,-0.178945103
L,114,NaN
L,114,-0.12783238
L,114,NaN
I,114,NaN
M,114,-1.449889531
F,114,NaN
Y,114,NaN
W,114,0
G,114,NaN
G,114,0
P,114,0
P,114,0
*,114,-2.5
K,115,0
R,115,0
R,115,0
R,115,NaN
E,115,NaN
D,115,-0.370788878
N,115,0
Q,115,-0.701941532
H,115,-0.701941532
T,115,-0.179064512
T,115,0
S,115,NaN
S,115,0.240133654
S,115,NaN
C,115,NaN
A,115,-0.105579156
S,115,NaN
V,115,-0.127831179
V,115,NaN
L,115,NaN
L,115,0
L,115,0
I,115,-0.605033244
M,115,-0.605033244
F,115,0
Y,115,NaN
W,115,-0.906062162
G,115,NaN
G,115,-1.605033244
P,115,-0.400911536
P,115,0
*,115,-2.5
K,116,0
R,116,NaN
R,116,NaN
R,116,NaN
E,116,0
D,116,NaN
N,116,0
Q,116,0
H,116,0
T,116,NaN
T,116,NaN
S,116,NaN
S,116,NaN
S,116,NaN
C,116,NaN
A,116,0.143260101
S,116,0.143260101
V,116,-0.605033244
V,116,-0.605033244
L,116,NaN
L,116,0
L,116,NaN
I,116,NaN
M,116,-1.206849033
F,116,NaN
Y,116,NaN
W,116,-1.383183776
G,116,NaN
G,116,NaN
P,116,0
P,116,0
*,116,-2.5
K,117,0
R,117,0
R,117,0
R,117,NaN
E,117,0
D,117,0
N,117,0
Q,117,0
H,117,0
T,117,-0.780867815
T,117,-0.780867815
S,117,NaN
S,117,-0.014842122
S,117,0.411332764
C,117,NaN
A,117,NaN
S,117,-0.655929079
V,117,NaN
V,117,NaN
L,117,NaN
L,117,0
L,117,NaN
I,117,NaN
M,117,0
F,117,NaN
Y,117,NaN
W,117,-1.082152193
G,117,0
G,117,0
P,117,0
P,117,0
*,117,-2.5
K,118,-0.462314146
R,118,0
R,118,0.286039347
R,118,NaN
E,118,0
D,118,0
N,118,NaN
Q,118,-0.105579156
H,118,NaN
T,118,0
T,118,0
S,118,NaN
S,118,0
S,118,0
C,118,NaN
A,118,0
S,118,0
V,118,NaN
V,118,-1.21828674
L,118,NaN
L,118,0
L,118,NaN
I,118,NaN
M,118,-1.269438633
F,118,NaN
Y,118,NaN
W,118,0
G,118,0
G,118,0
P,118,0
P,118,0
*,118,-2.5
K,119,0
R,119,NaN
R,119,0.568483638
R,119,NaN
E,119,0
D,119,0
N,119,0
Q,119,NaN
H,119,NaN
T,119,NaN
T,119,NaN
S,119,NaN
S,119,NaN
S,119,NaN
C,119,NaN
A,119,0
S,119,0
V,119,NaN
V,119,NaN
L,119,NaN
L,119,-1.014161315
L,119,NaN
I,119,NaN
M,119,0
F,119,NaN
Y,119,NaN
W,119,0
G,119,NaN
G,119,NaN
P,119,-0.616220501
P,119,-0.616220501
*,119,-2.5
K,120,NaN
R,120,-0.616221723
R,120,NaN
R,120,NaN
E,120,-1.269434403
D,120,-0.793412627
N,120,0.286318563
Q,120,NaN
H,120,-0.105579156
T,120,-0.015812438
T,120,0
S,120,NaN
S,120,-0.316840768
S,120,0
C,120,NaN
A,120,0
S,120,0
V,120,0
V,120,0
L,120,NaN
L,120,NaN
L,120,0
I,120,NaN
M,120,0
F,120,0
Y,120,NaN
W,120,-0.537039829
G,120,0
G,120,NaN
P,120,0.273879004
P,120,NaN
*,120,-2.5
K,121,NaN
R,121,NaN
R,121,NaN
R,121,NaN
E,121,0
D,121,NaN
N,121,NaN
Q,121,NaN
H,121,NaN
T,121,NaN
T,121,NaN
S,121,NaN
S,121,NaN
S,121,NaN
C,121,NaN
A,121,NaN
S,121,NaN
V,121,NaN
V,121,NaN
L,121,NaN
L,121,-0.105579156
L,121,-0.31518548
I,121,NaN
M,121,-0.316012413
F,121,NaN
Y,121,NaN
W,121,NaN
G,121,NaN
G,121,NaN
P,121,NaN
P,121,0.286873436
*,121,-2.5
K,122,NaN
R,122,NaN
R,122,0.638723356
R,122,0.227732688
E,122,NaN
D,122,NaN
N,122,NaN
Q,122,NaN
H,122,NaN
T,122,NaN
T,122,NaN
S,122,0
S,122,NaN
S,122,NaN
C,122,NaN
A,122,NaN
S,122,NaN
V,122,NaN
V,122,NaN
L,122,NaN
L,122,NaN
L,122,NaN
I,122,NaN
M,122,NaN
F,122,NaN
Y,122,NaN
W,122,NaN
G,122,NaN
G,122,NaN
P,122,NaN
P,122,NaN
*,122,-2.5
K,123,NaN
R,123,NaN
R,123,NaN
R,123,NaN
E,123,-0.014949388
D,123,NaN
N,123,NaN
Q,123,NaN
H,123,NaN
T,123,NaN
T,123,-0.014949388
S,123,NaN
S,123,-0.315152435
S,123,NaN
C,123,NaN
A,123,0
S,123,0.285665463
V,123,NaN
V,123,NaN
L,123,NaN
L,123,NaN
L,123,NaN
I,123,NaN
M,123,NaN
F,123,0
Y,123,NaN
W,123,NaN
G,123,NaN
G,123,NaN
P,123,NaN
P,123,0
*,123,-2.5
K,124,NaN
R,124,NaN
R,124,NaN
R,124,NaN
E,124,0
D,124,0
N,124,NaN
Q,124,0
H,124,0
T,124,NaN
T,124,NaN
S,124,NaN
S,124,0.160865871
S,124,NaN
C,124,-0.140162042
A,124,NaN
S,124,NaN
V,124,0.160311904
V,124,NaN
L,124,-0.315977302
L,124,NaN
L,124,NaN
I,124,NaN
M,124,NaN
F,124,-0.105579156
Y,124,-0.316807911
W,124,NaN
G,124,NaN
G,124,NaN
P,124,NaN
P,124,NaN
*,124,-2.5
K,125,0
R,125,NaN
R,125,NaN
R,125,0.684642389
E,125,NaN
D,125,NaN
N,125,NaN
Q,125,NaN
H,125,NaN
T,125,NaN
T,125,NaN
S,125,NaN
S,125,NaN
S,125,NaN
C,125,NaN
A,125,NaN
S,125,NaN
V,125,NaN
V,125,-0.316520564
L,125,NaN
L,125,NaN
L,125,NaN
I,125,NaN
M,125,-0.105579156
F,125,NaN
Y,125,0
W,125,NaN
G,125,0
G,125,0
P,125,NaN
P,125,NaN
*,125,-2.5
K,126,NaN
R,126,NaN
R,126,NaN
R,126,NaN
E,126,NaN
D,126,-0.316510068
N,126,NaN
Q,126,NaN
H,126,NaN
T,126,NaN
T,126,NaN
S,126,NaN
S,126,NaN
S,126,NaN
C,126,NaN
A,126,NaN
S,126,NaN
V,126,NaN
V,126,NaN
L,126,NaN
L,126,NaN
L,126,NaN
I,126,NaN
M,126,0
F,126,NaN
Y,126,NaN
W,126,NaN
G,126,-0.015478747
G,126,0.286381931
P,126,NaN
P,126,NaN
*,126,-2.5
K,127,NaN
R,127,NaN
R,127,NaN
R,127,NaN
E,127,-0.014645649
D,127,-0.014645649
N,127,NaN
Q,127,NaN
H,127,NaN
T,127,0
T,127,0
S,127,NaN
S,127,0
S,127,0
C,127,NaN
A,127,0.440041084
S,127,-0.314841811
V,127,NaN
V,127,NaN
L,127,NaN
L,127,NaN
L,127,NaN
I,127,NaN
M,127,NaN
F,127,NaN
Y,127,NaN
W,127,0
G,127,NaN
G,127,NaN
P,127,NaN
P,127,NaN
*,127,-2.5
K,128,NaN
R,128,0.462758183
R,128,NaN
R,128,NaN
E,128,NaN
D,128,NaN
N,128,0.337820813
Q,128,0
H,128,0
T,128,-0.303885214
T,128,0
S,128,0
S,128,NaN
S,128,NaN
C,128,0
A,128,0
S,128,NaN
V,128,0
V,128,0
L,128,NaN
L,128,NaN
L,128,-0.179126856
I,128,-0.179126856
M,128,NaN
F,128,NaN
Y,128,0
W,128,NaN
G,128,NaN
G,128,-1.206976069
P,128,-0.605155731
P,128,-0.605155731
*,128,-0.002855219
K,129,0
R,129,-2.5
R,129,0.125485665
R,129,NaN
E,129,NaN
D,129,NaN
N,129,0
Q,129,-0.224837252
H,129,0.125485665
T,129,-0.082025589
T,129,-0.082025589
S,129,-0.30377826
S,129,-0.30377826
S,129,NaN
C,129,0
A,129,0
S,129,NaN
V,129,NaN
V,129,NaN
L,129,0
L,129,0
L,129,NaN
I,129,0
M,129,NaN
F,129,NaN
Y,129,0
W,129,NaN
G,129,NaN
G,129,NaN
P,129,NaN
P,129,NaN
*,129,0.240290641
K,130,0.240290641
R,130,-2.5
R,130,-0.605043607
R,130,0
E,130,0
D,130,NaN
N,130,0
Q,130,0
H,130,-0.605043607
T,130,0
T,130,0
S,130,0
S,130,0
S,130,NaN
C,130,NaN
A,130,NaN
S,130,NaN
V,130,0
V,130,-0.479864349
L,130,-0.303931686
L,130,-0.303931686
L,130,NaN
I,130,NaN
M,130,NaN
F,130,NaN
Y,130,0
W,130,NaN
G,130,NaN
G,130,-0.826732857
P,130,NaN
P,130,-0.002981879
*,130,0
K,131,0
R,131,-2.5
R,131,0
R,131,0
E,131,0
D,131,NaN
N,131,0
Q,131,0
H,131,0
T,131,0
T,131,0
S,131,NaN
S,131,NaN
S,131,NaN
C,131,0
A,131,0
S,131,NaN
V,131,0
V,131,0
L,131,-0.480094508
L,131,-0.178945103
L,131,NaN
I,131,-0.12783238
M,131,NaN
F,131,NaN
Y,131,-1.449889531
W,131,NaN
G,131,NaN
G,131,0
P,131,NaN
P,131,0
*,131,0
K,132,0
R,132,-2.5
R,132,0
R,132,0
E,132,0
D,132,NaN
N,132,NaN
Q,132,-0.370788878
H,132,0
T,132,-0.701941532
T,132,-0.701941532
S,132,-0.179064512
S,132,0
S,132,NaN
C,132,0.240133654
A,132,NaN
S,132,NaN
V,132,-0.105579156
V,132,NaN
L,132,-0.127831179
L,132,NaN
L,132,NaN
I,132,0
M,132,0
F,132,-0.605033244
Y,132,-0.605033244
W,132,0
G,132,NaN
G,132,-0.906062162
P,132,NaN
P,132,-1.605033244
*,132,-0.400911536
K,133,0
R,133,-2.5
R,133,0
R,133,NaN
E,133,NaN
D,133,NaN
N,133,0
Q,133,NaN
H,133,0
T,133,0
T,133,0
S,133,NaN
S,133,NaN
S,133,NaN
C,133,NaN
A,133,NaN
S,133,NaN
V,133,0.143260101
V,133,0.143260101
L,133,-0.605033244
L,133,-0.605033244
L,133,NaN
I,133,0
M,133,NaN
F,133,NaN
Y,133,-1.206849033
W,133,NaN
G,133,NaN
G,133,-1.383183776
P,133,NaN
P,133,NaN
*,133,0
K,134,0
R,134,-2.5
R,134,0
R,134,0
E,134,0
D,134,NaN
N,134,0
Q,134,0
H,134,0
T,134,0
T,134,0
S,134,-0.780867815
S,134,-0.780867815
S,134,NaN
C,134,-0.014842122
A,134,0.411332764
S,134,NaN
V,134,NaN
V,134,-0.655929079
L,134,NaN
L,134,NaN
L,134,NaN
I,134,0
M,134,NaN
F,134,NaN
Y,134,0
W,134,NaN
G,134,NaN
G,134,-1.082152193
P,134,0
P,134,0
*,134,0
K,135,0
R,135,-2.5
R,135,-0.462314146
R,135,0
E,135,0.286039347
D,135,NaN
N,135,0
Q,135,0
H,135,NaN
T,135,-0.105579156
T,135,NaN
S,135,0
S,135,0
S,135,NaN
C,135,0
A,135,0
S,135,NaN
V,135,0
V,135,0
L,135,NaN
L,135,-1.21828674
L,135,NaN
I,135,0
M,135,NaN
F,135,NaN
Y,135,-1.269438633
W,135,NaN
G,135,NaN
G,135,0
P,135,0
P,135,0
*,135,0
K,136,0
R,136,-2.5
R,136,0
R,136,NaN
E,136,0.568483638
D,136,NaN
N,136,0
Q,136,0
H,136,0
T,136,NaN
T,136,NaN
S,136,NaN
S,136,NaN
S,136,NaN
C,136,NaN
A,136,NaN
S,136,NaN
V,136,0
V,136,0
L,136,NaN
L,136,NaN
L,136,NaN
I,136,-1.014161315
M,136,NaN
F,136,NaN
Y,136,0
W,136,NaN
G,136,NaN
G,136,0
P,136,NaN
P,136,NaN
*,136,-0.616220501
K,137,-0.616220501
R,137,-2.5
R,137,NaN
R,137,-0.616221723
E,137,NaN
D,137,NaN
N,137,-1.269434403
Q,137,-0.793412627
H,137,0.286318563
T,137,NaN
T,137,-0.105579156
S,137,-0.015812438
S,137,0
S,137,NaN
C,137,-0.316840768
A,137,0
S,137,NaN
V,137,0
V,137,0
L,137,0
L,137,0
L,137,NaN
I,137,NaN
M,137,0
F,137,NaN
Y,137,0
W,137,0
G,137,NaN
G,137,-0.537039829
P,137,0
P,137,NaN
*,137,0.273879004
K,138,NaN
R,138,-2.5
R,138,NaN
R,138,NaN
E,138,NaN
D,138,NaN
N,138,0
Q,138,NaN
H,138,NaN
T,138,NaN
T,138,NaN
S,138,NaN
S,138,NaN
S,138,NaN
C,138,NaN
A,138,NaN
S,138,NaN
V,138,NaN
V,138,NaN
L,138,NaN
L,138,NaN
L,138,NaN
I,138,-0.105579156
M,138,-0.31518548
F,138,NaN
Y,138,-0.316012413
W,138,NaN
G,138,NaN
G,138,NaN
P,138,NaN
P,138,NaN
*,138,NaN
K,139,0.286873436
R,139,-2.5
R,139,NaN
R,139,NaN
E,139,0.638723356
D,139,0.227732688
N,139,NaN
Q,139,NaN
H,139,NaN
T,139,NaN
T,139,NaN
S,139,NaN
S,139,NaN
S,139,0
C,139,NaN
A,139,NaN
S,139,NaN
V,139,NaN
V,139,NaN
L,139,NaN
L,139,NaN
L,139,NaN
I,139,NaN
M,139,NaN
F,139,NaN
Y,139,NaN
W,139,NaN
G,139,NaN
G,139,NaN
P,139,NaN
P,139,NaN
*,139,NaN
K,140,NaN
R,140,-2.5
R,140,NaN
R,140,NaN
E,140,NaN
D,140,NaN
N,140,-0.014949388
Q,140,NaN
H,140,NaN
T,140,NaN
T,140,NaN
S,140,NaN
S,140,-0.014949388
S,140,NaN
C,140,-0.315152435
A,140,NaN
S,140,NaN
V,140,0
V,140,0.285665463
L,140,NaN
L,140,NaN
L,140,NaN
I,140,NaN
M,140,NaN
F,140,NaN
Y,140,NaN
W,140,0
G,140,NaN
G,140,NaN
P,140,NaN
P,140,NaN
*,140,NaN
K,141,0
R,141,-2.5
R,141,NaN
R,141,NaN
E,141,NaN
D,141,NaN
N,141,0
Q,141,0
H,141,NaN
T,141,0
T,141,0
S,141,NaN
S,141,NaN
S,141,NaN
C,141,0.160865871
A,141,NaN
S,141,-0.140162042
V,141,NaN
V,141,NaN
L,141,0.160311904
L,141,NaN
L,141,-0.315977302
I,141,NaN
M,141,NaN
F,141,NaN
Y,141,NaN
W,141,-0.105579156
G,141,-0.316807911
G,141,NaN
P,141,NaN
P,141,NaN
*,141,NaN
K,142,NaN
R,142,-2.5
R,142,0
R,142,NaN
E,142,NaN
D,142,0.684642389
N,142,NaN
Q,142,NaN
H,142,NaN
T,142,NaN
T,142,NaN
S,142,NaN
S,142,NaN
S,142,NaN
C,142,NaN
A,142,NaN
S,142,NaN
V,142,NaN
V,142,NaN
L,142,NaN
L,142,-0.316520564
L,142,NaN
I,142,NaN
M,142,NaN
F,142,NaN
Y,142,-0.105579156
W,142,NaN
G,142,0
G,142,NaN
P,142,0
P,142,0
*,142,NaN
K,143,NaN
R,143,-2.5
R,143,NaN
R,143,NaN
E,143,NaN
D,143,NaN
N,143,NaN
Q,143,-0.316510068
H,143,NaN
T,143,NaN
T,143,NaN
S,143,NaN
S,143,NaN
S,143,NaN
C,143,NaN
A,143,NaN
S,143,NaN
V,143,NaN
V,143,NaN
L,143,NaN
L,143,NaN
L,143,NaN
I,143,NaN
M,143,NaN
F,143,NaN
Y,143,0
W,143,NaN
G,143,NaN
G,143,NaN
P,143,-0.015478747
P,143,0.286381931
*,143,NaN
K,144,NaN
R,144,-2.5
R,144,NaN
R,144,NaN
E,144,NaN
D,144,NaN
N,144,-0.014645649
Q,144,-0.014645649
H,144,NaN
T,144,NaN
T,144,NaN
S,144,0
S,144,0
S,144,NaN
C,144,0
A,144,0
S,144,NaN
V,144,0.440041084
V,144,-0.314841811
L,144,NaN
L,144,NaN
L,144,NaN
I,144,NaN
M,144,NaN
F,144,NaN
Y,144,NaN
W,144,NaN
G,144,NaN
G,144,0
P,144,NaN
P,144,NaN
*,144,NaN
K,145,NaN
R,145,-2.5
R,145,NaN
R,145,0.462758183
E,145,NaN
D,145,NaN
N,145,NaN
Q,145,NaN
H,145,0.337820813
T,145,NaN
T,145,NaN
S,145,NaN
S,145,NaN
S,145,NaN
C,145,NaN
A,145,0
S,145,NaN
V,145,NaN
V,145,NaN
L,145,NaN
L,145,-2.5
L,145,NaN
I,145,0.462758183
M,145,NaN
F,145,NaN
Y,145,NaN
W,145,NaN
G,145,0.337820813
G,145,NaN
P,145,NaN
P,145,-2.5
*,145,NaN
